,Unnamed: 0,Dates,Temperature,Wind Speed,Precipitation,Pressure,Heat Index
0,0,2015-03-01,6,5,0.0,1020,12
1,1,2015-03-02,5,14,0.0,1018,9
2,2,2015-03-03,3,6,0.0,1023,9
3,3,2015-03-04,4,3,0.0,1024,11
4,4,2015-03-05,5,3,0.0,1027,13
5,5,2015-03-06,6,2,0.0,1029,13
6,6,2015-03-07,7,10,0.0,1025,15
7,7,2015-03-08,8,4,0.0,1021,16
8,8,2015-03-09,9,7,0.0,1018,17
9,9,2015-03-10,7,14,0.0,1018,9
10,10,2015-03-11,5,10,0.1,1019,9
11,11,2015-03-12,6,11,0.0,1015,10
12,12,2015-03-13,6,13,0.2,1012,9
13,13,2015-03-14,6,15,0.0,1013,9
14,14,2015-03-15,7,12,0.0,1012,10
15,15,2015-03-16,6,12,0.0,1017,9
16,16,2015-03-17,5,10,0.0,1020,8
17,17,2015-03-18,5,9,0.0,1019,9
18,18,2015-03-19,10,13,0.0,1018,14
19,19,2015-03-20,11,13,0.1,1012,14
20,20,2015-03-21,10,20,0.0,1019,11
21,21,2015-03-22,7,9,0.0,1015,10
22,22,2015-03-23,7,17,0.0,1014,8
23,23,2015-03-24,8,11,0.1,1023,10
24,24,2015-03-25,9,18,0.0,1023,11
25,25,2015-03-26,12,3,0.0,1022,18
26,26,2015-03-27,12,15,0.0,1015,17
27,27,2015-03-28,10,13,0.0,1026,14
28,28,2015-03-29,10,14,0.1,1022,14
29,29,2015-03-30,12,9,0.0,1015,16
30,30,2015-03-31,8,7,0.0,1018,11
31,31,2015-04-01,6,8,1.0,1023,10
32,32,2015-04-02,7,6,0.0,1028,12
33,33,2015-04-03,6,20,0.0,1020,8
34,34,2015-04-04,6,6,0.0,1017,13
35,35,2015-04-05,8,6,0.0,1007,14
36,36,2015-04-06,8,8,0.0,1011,11
37,37,2015-04-07,8,8,0.0,1012,12
38,38,2015-04-08,9,6,0.0,1018,15
39,39,2015-04-09,9,6,0.0,1017,16
40,40,2015-04-10,9,18,0.0,1011,12
41,41,2015-04-11,7,19,0.0,1014,10
42,42,2015-04-12,8,7,0.0,1022,11
43,43,2015-04-13,7,12,0.0,1016,11
44,44,2015-04-14,7,9,0.1,1018,12
45,45,2015-04-15,7,6,0.0,1026,10
46,46,2015-04-16,7,8,0.0,1026,11
47,47,2015-04-17,10,9,0.0,1023,19
48,48,2015-04-18,10,10,0.0,1025,16
49,49,2015-04-19,11,11,0.0,1019,18
50,50,2015-04-20,13,4,0.0,1011,24
51,51,2015-04-21,10,5,0.0,1013,14
52,52,2015-04-22,8,4,0.0,1019,14
53,53,2015-04-23,7,17,0.0,1009,8
54,54,2015-04-24,8,19,0.0,1009,10
55,55,2015-04-25,7,4,0.0,1015,13
56,56,2015-04-26,9,9,0.0,1023,14
57,57,2015-04-27,11,8,0.0,1021,14
58,58,2015-04-28,9,7,0.0,1018,13
59,59,2015-04-29,10,10,0.0,1023,15
60,60,2015-04-30,10,3,0.0,1023,17
61,61,2015-05-01,11,5,0.0,1015,17
62,62,2015-05-02,10,10,0.0,1016,18
63,63,2015-05-03,11,9,0.0,1014,18
64,64,2015-05-04,11,21,0.0,1012,15
65,65,2015-05-05,9,12,0.1,1017,12
66,66,2015-05-06,8,11,0.0,1018,14
67,67,2015-05-07,10,10,0.0,1017,18
68,68,2015-05-08,13,12,0.0,1016,21
69,69,2015-05-09,15,4,0.0,1018,25
70,70,2015-05-10,13,8,0.0,1017,19
71,71,2015-05-11,11,6,0.0,1013,16
72,72,2015-05-12,12,11,0.0,1010,14
73,73,2015-05-13,10,11,0.0,1011,12
74,74,2015-05-14,11,4,0.0,1011,17
75,75,2015-05-15,12,5,0.0,1010,19
76,76,2015-05-16,12,8,0.0,1014,15
77,77,2015-05-17,13,6,0.0,1018,18
78,78,2015-05-18,15,8,0.0,1017,24
79,79,2015-05-19,14,5,0.0,1017,21
80,80,2015-05-20,14,7,0.0,1013,24
81,81,2015-05-21,16,4,0.0,1011,25
82,82,2015-05-22,13,9,0.1,1014,18
83,83,2015-05-23,13,5,0.0,1019,19
84,84,2015-05-24,12,5,0.0,1017,16
85,85,2015-05-25,13,10,0.0,1015,17
86,86,2015-05-26,13,5,0.0,1016,19
87,87,2015-05-27,15,5,0.0,1016,25
88,88,2015-05-28,17,5,0.0,1017,26
89,89,2015-05-29,17,6,0.0,1013,26
90,90,2015-05-30,14,6,0.0,1012,25
91,91,2015-05-31,15,9,0.0,1009,24
92,92,2015-06-01,13,13,0.1,1011,18
93,93,2015-06-02,13,14,0.0,1015,14
94,94,2015-06-03,13,5,0.0,1017,18
95,95,2015-06-04,14,8,0.0,1018,21
96,96,2015-06-05,16,11,0.0,1017,25
97,97,2015-06-06,17,6,0.0,1015,26
98,98,2015-06-07,19,8,0.0,1015,28
99,99,2015-06-08,19,8,0.0,1014,29
100,100,2015-06-09,17,4,0.0,1012,28
101,101,2015-06-10,15,5,0.0,1013,25
102,102,2015-06-11,15,4,0.0,1018,25
103,103,2015-06-12,13,1,0.0,1019,20
104,104,2015-06-13,13,6,0.0,1017,22
105,105,2015-06-14,15,10,0.0,1015,25
106,106,2015-06-15,18,8,0.0,1013,26
107,107,2015-06-16,14,6,0.0,1017,19
108,108,2015-06-17,13,7,0.0,1017,16
109,109,2015-06-18,16,7,0.0,1013,24
110,110,2015-06-19,15,5,0.3,1019,19
111,111,2015-06-20,15,6,0.0,1016,24
112,112,2015-06-21,16,4,0.0,1012,24
113,113,2015-06-22,15,7,0.0,1017,24
114,114,2015-06-23,16,3,0.0,1018,26
115,115,2015-06-24,17,6,0.0,1018,24
116,116,2015-06-25,19,5,0.0,1020,27
117,117,2015-06-26,20,13,0.0,1016,27
118,118,2015-06-27,21,13,0.0,1013,28
119,119,2015-06-28,20,7,1.1,1015,26
120,120,2015-06-29,20,6,0.0,1015,31
121,121,2015-06-30,19,4,0.0,1018,28
122,122,2015-07-01,20,13,0.0,1015,28
123,123,2015-07-02,21,9,0.0,1015,31
124,124,2015-07-03,20,5,0.0,1012,31
125,125,2015-07-04,20,6,0.0,1010,29
126,126,2015-07-05,20,8,0.0,1011,30
127,127,2015-07-06,19,9,0.0,1015,27
128,128,2015-07-07,18,4,0.0,1014,28
129,129,2015-07-08,19,6,0.0,1010,28
130,130,2015-07-09,19,4,0.0,1006,31
131,131,2015-07-10,17,6,0.0,1009,25
132,132,2015-07-11,17,10,0.0,1011,24
133,133,2015-07-12,18,8,0.0,1015,25
134,134,2015-07-13,17,5,0.0,1017,25
135,135,2015-07-14,17,8,0.0,1015,25
136,136,2015-07-15,17,4,0.0,1016,25
137,137,2015-07-16,17,7,0.1,1019,25
138,138,2015-07-17,17,13,0.0,1017,25
139,139,2015-07-18,20,9,0.0,1015,28
140,140,2015-07-19,23,7,0.0,1015,30
141,141,2015-07-20,18,14,0.0,1016,25
142,142,2015-07-21,17,9,0.0,1013,20
143,143,2015-07-22,16,6,0.0,1012,24
144,144,2015-07-23,17,1,0.0,1015,20
145,145,2015-07-24,16,12,0.0,1018,20
146,146,2015-07-25,16,4,0.0,1018,19
147,147,2015-07-26,14,1,0.9,1016,18
148,148,2015-07-27,15,4,0.0,1021,24
149,149,2015-07-28,17,8,0.0,1023,26
150,150,2015-07-29,20,11,0.0,1020,27
151,151,2015-07-30,21,10,0.0,1018,31
152,152,2015-07-31,21,4,0.0,1017,33
153,153,2015-08-01,20,8,0.0,1014,28
154,154,2015-08-02,20,4,0.0,1013,28
155,155,2015-08-03,19,6,0.0,1012,27
156,156,2015-08-04,17,8,0.0,1014,25
157,157,2015-08-05,15,9,0.0,1017,21
158,158,2015-08-06,16,7,0.0,1018,24
159,159,2015-08-07,17,6,0.0,1013,26
160,160,2015-08-08,17,14,0.0,1011,25
161,161,2015-08-09,18,6,0.0,1014,27
162,162,2015-08-10,19,8,0.0,1013,27
163,163,2015-08-11,19,17,0.1,1013,26
164,164,2015-08-12,20,2,0.0,1013,27
165,165,2015-08-13,19,4,0.0,1014,30
166,166,2015-08-14,15,16,0.8,1015,17
167,167,2015-08-15,16,4,0.0,1023,20
168,168,2015-08-16,16,9,0.0,1022,26
169,169,2015-08-17,17,9,0.0,1018,25
170,170,2015-08-18,19,13,0.0,1016,27
171,171,2015-08-19,20,4,0.0,1011,32
172,172,2015-08-20,16,13,0.0,1012,20
173,173,2015-08-21,15,4,0.0,1015,19
174,174,2015-08-22,17,6,0.0,1018,26
175,175,2015-08-23,17,4,0.0,1014,25
176,176,2015-08-24,15,6,0.0,1016,25
177,177,2015-08-25,15,7,0.0,1016,25
178,178,2015-08-26,17,5,0.0,1015,26
179,179,2015-08-27,18,5,0.0,1016,26
180,180,2015-08-28,17,9,0.0,1013,20
181,181,2015-08-29,16,28,0.0,1005,17
182,182,2015-08-30,15,18,0.0,1013,19
183,183,2015-08-31,14,18,0.1,1014,15
184,184,2015-09-01,15,6,0.0,1018,23
185,185,2015-09-02,13,12,0.0,1011,18
186,186,2015-09-03,12,8,0.0,1014,19
187,187,2015-09-04,15,8,0.0,1017,24
188,188,2015-09-05,16,9,0.1,1016,23
189,189,2015-09-06,13,6,0.0,1020,14
190,190,2015-09-07,13,4,0.0,1022,16
191,191,2015-09-08,16,5,0.0,1019,20
192,192,2015-09-09,16,6,0.0,1017,25
193,193,2015-09-10,16,12,0.0,1018,25
194,194,2015-09-11,18,9,0.0,1017,27
195,195,2015-09-12,17,6,0.0,1014,28
196,196,2015-09-13,14,9,0.0,1012,19
197,197,2015-09-14,12,7,0.0,1008,16
198,198,2015-09-15,12,11,0.0,1009,17
199,199,2015-09-16,15,9,0.0,1015,22
200,200,2015-09-17,15,9,0.0,1014,21
201,201,2015-09-18,15,8,0.0,1014,22
202,202,2015-09-19,14,8,0.0,1015,22
203,203,2015-09-20,15,21,0.0,1011,18
204,204,2015-09-21,13,5,0.0,1016,24
205,205,2015-09-22,11,5,0.0,1014,24
206,206,2015-09-23,12,7,0.0,1016,19
207,207,2015-09-24,15,12,0.0,1015,24
208,208,2015-09-25,12,7,0.0,1016,14
209,209,2015-09-26,11,4,0.1,1020,18
210,210,2015-09-27,10,13,0.0,1020,17
211,211,2015-09-28,12,13,0.0,1016,20
212,212,2015-09-29,13,6,0.0,1013,25
213,213,2015-09-30,11,4,0.0,1015,25
214,214,2015-10-01,12,6,0.0,1016,20
215,215,2015-10-02,12,10,0.0,1019,15
216,216,2015-10-03,12,15,0.0,1017,17
217,217,2015-10-04,13,11,0.0,1012,21
218,218,2015-10-05,15,5,0.0,1012,25
219,219,2015-10-06,14,12,0.0,1016,20
220,220,2015-10-07,13,10,0.0,1020,14
221,221,2015-10-08,15,3,0.0,1020,19
222,222,2015-10-09,14,9,0.0,1015,14
223,223,2015-10-10,15,28,0.0,1003,17
224,224,2015-10-11,12,4,0.0,1020,18
225,225,2015-10-12,13,12,0.0,1018,15
226,226,2015-10-13,12,7,0.0,1023,15
227,227,2015-10-14,10,14,0.0,1022,15
228,228,2015-10-15,13,9,0.0,1018,20
229,229,2015-10-16,13,4,0.0,1013,21
230,230,2015-10-17,13,5,0.0,1011,18
231,231,2015-10-18,13,6,0.0,1016,14
232,232,2015-10-19,14,9,0.0,1014,17
233,233,2015-10-20,11,5,0.0,1023,18
234,234,2015-10-21,10,7,0.0,1020,17
235,235,2015-10-22,10,6,0.0,1024,15
236,236,2015-10-23,7,5,0.0,1021,8
237,237,2015-10-24,9,7,0.0,1017,15
238,238,2015-10-25,12,5,0.0,1007,18
239,239,2015-10-26,11,14,0.0,1015,11
240,240,2015-10-27,11,3,0.0,1016,20
241,241,2015-10-28,11,13,0.0,1015,11
242,242,2015-10-29,13,15,0.0,1017,15
243,243,2015-10-30,13,23,0.0,1006,15
244,244,2015-10-31,12,22,0.0,1004,12
245,245,2015-11-01,10,29,0.0,1007,11
246,246,2015-11-02,8,5,0.1,1012,11
247,247,2015-11-03,5,10,0.0,1017,10
248,248,2015-11-04,5,7,0.0,1020,10
249,249,2015-11-05,8,3,0.0,1021,10
250,250,2015-11-06,9,12,0.1,1025,13
251,251,2015-11-07,10,13,0.0,1012,11
252,252,2015-11-08,8,5,0.0,1008,11
253,253,2015-11-09,6,5,0.1,1014,9
254,254,2015-11-10,7,13,0.0,1022,9
255,255,2015-11-11,7,7,0.0,1025,10
256,256,2015-11-12,7,21,0.0,1020,8
257,257,2015-11-13,11,21,0.0,1009,12
258,258,2015-11-14,7,6,0.0,1005,7
259,259,2015-11-15,4,8,0.0,1006,6
260,260,2015-11-16,5,18,0.1,1018,6
261,261,2015-11-17,10,42,0.0,1000,12
262,262,2015-11-18,6,8,0.0,1024,8
263,263,2015-11-19,5,18,0.0,1021,7
264,264,2015-11-20,3,9,0.0,1034,7
265,265,2015-11-21,3,10,0.0,1028,8
266,266,2015-11-22,4,6,0.0,1019,9
267,267,2015-11-23,4,7,0.1,1010,7
268,268,2015-11-24,4,18,0.0,1013,6
269,269,2015-11-25,2,13,0.0,1026,7
270,270,2015-11-26,3,9,0.0,1032,10
271,271,2015-11-27,2,5,0.0,1029,11
272,272,2015-11-28,1,3,0.0,1026,11
273,273,2015-11-29,0,1,0.0,1022,9
274,274,2015-11-30,2,6,0.0,1020,9
275,275,2015-12-01,5,7,0.0,1021,10
276,276,2015-12-02,6,9,0.0,1017,9
277,277,2015-12-03,7,13,2.5,1005,7
278,278,2015-12-04,7,15,0.0,1016,9
279,279,2015-12-05,6,9,0.0,1015,6
280,280,2015-12-06,9,21,0.0,1014,11
281,281,2015-12-07,8,7,0.1,1003,8
282,282,2015-12-08,11,23,0.0,1004,13
283,283,2015-12-09,9,21,0.0,1009,10
284,284,2015-12-10,7,31,0.0,991,9
285,285,2015-12-11,6,6,0.1,1003,9
286,286,2015-12-12,6,13,0.2,1000,6
287,287,2015-12-13,6,22,0.0,1001,6
288,288,2015-12-14,4,2,0.0,1021,7
289,289,2015-12-15,3,11,0.0,1025,5
290,290,2015-12-16,3,3,0.0,1024,5
291,291,2015-12-17,3,10,0.0,1010,3
292,292,2015-12-18,3,8,0.0,1015,6
293,293,2015-12-19,3,10,0.0,1016,6
294,294,2015-12-20,3,10,0.0,1011,4
295,295,2015-12-21,4,15,0.0,989,3
296,296,2015-12-22,4,11,0.0,1001,6
297,297,2015-12-23,4,21,0.0,1000,5
298,298,2015-12-24,3,12,0.1,1006,4
299,299,2015-12-25,2,1,0.2,1025,4
300,300,2015-12-26,2,4,0.0,1033,4
301,301,2015-12-27,2,6,0.4,1018,4
302,302,2015-12-28,4,9,0.0,1019,6
303,303,2015-12-29,2,4,0.0,1021,6
304,304,2015-12-30,0,7,0.0,1031,5
305,305,2015-12-31,0,7,0.0,1036,7
0,0,2016-01-01,1,5,0.0,1029,7
1,1,2016-01-02,0,4,0.0,1023,6
2,2,2016-01-03,1,7,0.0,1017,5
3,3,2016-01-04,3,12,0.1,1017,6
4,4,2016-01-05,3,5,0.0,1003,5
5,5,2016-01-06,5,6,0.0,1005,9
6,6,2016-01-07,3,1,0.0,1014,8
7,7,2016-01-08,3,5,0.0,1018,8
8,8,2016-01-09,3,4,0.0,1021,9
9,9,2016-01-10,3,3,0.0,1025,11
10,10,2016-01-11,3,9,0.2,1022,4
11,11,2016-01-12,6,7,0.4,1013,8
12,12,2016-01-13,6,7,0.3,1008,6
13,13,2016-01-14,4,4,0.0,1012,9
14,14,2016-01-15,4,8,0.0,1016,7
15,15,2016-01-16,7,15,0.0,1009,9
16,16,2016-01-17,7,13,0.0,1008,7
17,17,2016-01-18,7,10,0.0,1016,10
18,18,2016-01-19,6,6,0.0,1005,8
19,19,2016-01-20,7,9,0.0,1021,9
20,20,2016-01-21,8,15,0.2,1011,9
21,21,2016-01-22,9,17,0.0,1011,10
22,22,2016-01-23,6,5,0.4,1008,7
23,23,2016-01-24,5,5,0.0,1019,9
24,24,2016-01-25,6,4,0.0,1024,10
25,25,2016-01-26,9,12,0.0,1024,10
26,26,2016-01-27,10,10,0.0,1021,11
27,27,2016-01-28,9,8,0.0,1013,10
28,28,2016-01-29,6,22,0.0,1004,7
29,29,2016-01-30,4,14,0.0,1014,6
30,30,2016-01-31,4,13,0.0,1016,6
31,31,2016-02-01,4,9,0.0,1021,6
32,32,2016-02-02,4,4,0.0,1023,8
33,33,2016-02-03,5,9,0.4,1018,7
34,34,2016-02-04,7,9,0.0,1027,8
35,35,2016-02-05,8,14,0.0,1020,11
36,36,2016-02-06,6,5,0.0,1031,9
37,37,2016-02-07,5,4,0.0,1035,10
38,38,2016-02-08,8,6,0.0,1031,13
39,39,2016-02-09,9,4,0.0,1022,18
40,40,2016-02-10,9,11,0.0,1023,11
41,41,2016-02-11,9,4,0.0,1021,12
42,42,2016-02-12,10,18,0.0,1019,11
43,43,2016-02-13,7,16,0.0,1022,9
44,44,2016-02-14,9,15,0.0,1020,10
45,45,2016-02-15,10,13,0.0,1018,10
46,46,2016-02-16,10,8,0.0,1016,12
47,47,2016-02-17,10,4,0.2,994,13
48,48,2016-02-18,7,18,0.0,994,9
49,49,2016-02-19,7,7,0.4,1003,9
50,50,2016-02-20,5,7,0.0,1028,9
51,51,2016-02-21,5,12,0.2,1022,7
52,52,2016-02-22,5,6,0.0,1030,7
53,53,2016-02-23,6,11,0.0,1022,12
54,54,2016-02-24,8,3,0.0,1023,14
55,55,2016-02-25,8,4,0.0,1022,14
56,56,2016-02-26,9,6,0.0,1014,14
57,57,2016-02-27,9,12,0.0,1019,10
58,58,2016-02-28,7,26,0.0,1012,10
59,59,2016-02-29,7,10,0.0,1022,10
60,60,2016-03-01,7,19,0.0,1003,9
61,61,2016-03-02,9,7,0.0,1013,12
62,62,2016-03-03,10,20,0.0,1015,12
63,63,2016-03-04,8,11,0.3,1010,12
64,64,2016-03-05,11,4,0.0,1001,15
65,65,2016-03-06,8,22,0.0,1001,10
66,66,2016-03-07,6,16,0.0,1010,8
67,67,2016-03-08,6,11,0.0,1012,9
68,68,2016-03-09,7,3,0.2,1006,9
69,69,2016-03-10,8,24,0.0,1008,10
70,70,2016-03-11,7,4,0.7,1003,10
71,71,2016-03-12,7,21,0.0,1003,8
72,72,2016-03-13,5,24,0.8,991,8
73,73,2016-03-14,5,22,0.0,1012,7
74,74,2016-03-15,5,9,0.0,1023,8
75,75,2016-03-16,5,8,0.0,1026,9
76,76,2016-03-17,6,17,0.0,1026,11
77,77,2016-03-18,9,12,0.0,1020,13
78,78,2016-03-19,10,1,0.0,1018,14
79,79,2016-03-20,10,9,0.8,1009,11
80,80,2016-03-21,8,8,0.0,1005,10
81,81,2016-03-22,8,10,0.2,1018,11
82,82,2016-03-23,8,18,0.0,1022,10
83,83,2016-03-24,7,17,0.0,1021,9
84,84,2016-03-25,7,1,0.0,1023,12
85,85,2016-03-26,9,3,0.0,1016,15
86,86,2016-03-27,7,6,0.0,1016,9
87,87,2016-03-28,6,13,0.0,1021,9
88,88,2016-03-29,8,13,0.0,1019,13
89,89,2016-03-30,10,5,0.0,1018,18
90,90,2016-03-31,12,3,0.0,1019,25
91,91,2016-04-01,11,3,0.0,1021,20
92,92,2016-04-02,10,8,0.0,1019,14
93,93,2016-04-03,12,6,0.0,1015,18
94,94,2016-04-04,9,16,0.0,1023,12
95,95,2016-04-05,8,12,0.0,1033,11
96,96,2016-04-06,11,8,0.0,1027,17
97,97,2016-04-07,14,6,0.0,1015,26
98,98,2016-04-08,14,7,0.1,1011,24
99,99,2016-04-09,11,3,0.0,1009,18
100,100,2016-04-10,10,10,0.0,1012,14
101,101,2016-04-11,9,8,0.0,1018,13
102,102,2016-04-12,12,11,0.0,1013,19
103,103,2016-04-13,7,12,0.0,1016,11
104,104,2016-04-14,7,9,0.1,1018,12
105,105,2016-04-15,7,7,0.0,1020,12
106,106,2016-04-16,8,10,0.0,1019,13
107,107,2016-04-17,8,10,0.0,1019,13
108,108,2016-04-18,8,8,0.0,1020,14
109,109,2016-04-19,9,8,0.1,1017,14
110,110,2016-04-20,14,5,0.0,1012,18
111,111,2016-04-21,15,8,0.0,1007,21
112,112,2016-04-22,12,15,0.0,1005,15
113,113,2016-04-23,12,10,0.0,1015,16
114,114,2016-04-24,9,5,0.4,1017,11
115,115,2016-04-25,8,7,0.0,1021,13
116,116,2016-04-26,9,5,0.0,1017,15
117,117,2016-04-27,10,9,0.0,1016,14
118,118,2016-04-28,11,6,0.0,1018,17
119,119,2016-04-29,10,6,0.0,1018,14
120,120,2016-04-30,11,8,0.0,1026,18
121,121,2016-05-01,15,9,0.0,1018,24
122,122,2016-05-02,18,5,0.0,1015,27
123,123,2016-05-03,15,5,0.0,1016,24
124,124,2016-05-04,12,12,0.0,1015,16
125,125,2016-05-05,12,13,0.0,1015,17
126,126,2016-05-06,15,15,0.0,1016,20
127,127,2016-05-07,16,4,0.0,1011,27
128,128,2016-05-08,11,9,0.0,1012,15
129,129,2016-05-09,11,5,0.0,1019,17
130,130,2016-05-10,13,10,0.0,1022,24
131,131,2016-05-11,15,5,0.0,1016,24
132,132,2016-05-12,14,6,0.0,1016,24
133,133,2016-05-13,17,5,0.0,1015,26
134,134,2016-05-14,13,4,0.0,1014,15
135,135,2016-05-15,11,8,0.0,1016,14
136,136,2016-05-16,11,3,0.0,1022,16
137,137,2016-05-17,13,5,0.0,1023,20
138,138,2016-05-18,9,7,0.0,1015,11
139,139,2016-05-19,13,8,0.1,1016,21
140,140,2016-05-20,12,9,0.0,1018,18
141,141,2016-05-21,11,7,0.0,1013,12
142,142,2016-05-22,12,14,0.0,1012,16
143,143,2016-05-23,12,3,0.0,1013,17
144,144,2016-05-24,13,3,0.0,1014,19
145,145,2016-05-25,13,10,0.0,1020,18
146,146,2016-05-26,12,8,0.0,1021,13
147,147,2016-05-27,13,4,0.0,1020,16
148,148,2016-05-28,13,17,0.0,1017,14
149,149,2016-05-29,12,8,0.0,1020,13
150,150,2016-05-30,13,10,0.0,1023,19
151,151,2016-05-31,14,6,0.0,1015,21
152,152,2016-06-01,15,6,0.0,1013,20
153,153,2016-06-02,14,13,0.0,1019,16
154,154,2016-06-03,17,7,0.0,1023,25
155,155,2016-06-04,19,15,0.0,1017,26
156,156,2016-06-05,21,5,0.0,1013,30
157,157,2016-06-06,19,9,0.0,1011,27
158,158,2016-06-07,18,3,0.0,1009,27
159,159,2016-06-08,15,13,0.0,1010,20
160,160,2016-06-09,13,7,0.0,1012,15
161,161,2016-06-10,12,9,0.1,1015,13
162,162,2016-06-11,12,7,0.0,1022,16
163,163,2016-06-12,14,6,0.0,1022,19
164,164,2016-06-13,11,19,0.0,1014,15
165,165,2016-06-14,10,18,0.1,1013,13
166,166,2016-06-15,12,9,0.0,1017,14
167,167,2016-06-16,12,7,0.0,1018,15
168,168,2016-06-17,13,11,0.0,1018,21
169,169,2016-06-18,12,9,0.6,1021,14
170,170,2016-06-19,14,11,0.0,1026,20
171,171,2016-06-20,16,4,0.0,1020,24
172,172,2016-06-21,15,3,0.0,1023,21
173,173,2016-06-22,15,5,0.0,1017,24
174,174,2016-06-23,13,16,0.1,1015,17
175,175,2016-06-24,13,9,0.5,1022,17
176,176,2016-06-25,15,9,0.0,1023,21
177,177,2016-06-26,17,14,0.0,1021,25
178,178,2016-06-27,19,4,0.0,1020,27
179,179,2016-06-28,16,4,0.0,1020,27
180,180,2016-06-29,16,4,0.0,1020,25
181,181,2016-06-30,15,4,0.0,1021,24
182,182,2016-07-01,15,4,0.0,1017,24
183,183,2016-07-02,17,5,0.0,1015,25
184,184,2016-07-03,15,3,0.0,1019,19
185,185,2016-07-04,14,5,0.0,1020,16
186,186,2016-07-05,13,6,0.1,1019,16
187,187,2016-07-06,16,5,0.0,1016,24
188,188,2016-07-07,15,12,0.0,1013,19
189,189,2016-07-08,16,14,0.0,1011,19
190,190,2016-07-09,15,14,0.0,1014,20
191,191,2016-07-10,15,3,0.3,1015,21
192,192,2016-07-11,15,7,0.0,1017,19
193,193,2016-07-12,16,8,0.0,1017,24
194,194,2016-07-13,16,7,0.0,1022,24
195,195,2016-07-14,16,6,0.0,1022,24
196,196,2016-07-15,15,4,0.0,1019,24
197,197,2016-07-16,16,4,0.0,1017,21
198,198,2016-07-17,17,7,0.0,1017,25
199,199,2016-07-18,17,6,0.0,1017,26
200,200,2016-07-19,17,9,0.0,1017,26
201,201,2016-07-20,17,9,0.0,1017,24
202,202,2016-07-21,17,7,0.0,1016,26
203,203,2016-07-22,17,6,0.0,1017,25
204,204,2016-07-23,16,7,0.0,1018,24
205,205,2016-07-24,18,10,0.0,1017,26
206,206,2016-07-25,18,7,0.0,1017,27
207,207,2016-07-26,19,6,0.1,1017,27
208,208,2016-07-27,18,7,0.0,1018,22
209,209,2016-07-28,19,11,0.0,1018,28
210,210,2016-07-29,20,8,0.0,1014,30
211,211,2016-07-30,16,8,0.0,1012,24
212,212,2016-07-31,15,7,0.0,1016,25
213,213,2016-08-01,15,4,0.0,1017,27
214,214,2016-08-02,14,4,1.9,1020,17
215,215,2016-08-03,16,5,0.0,1022,25
216,216,2016-08-04,17,13,0.0,1016,26
217,217,2016-08-05,16,9,0.0,1012,26
218,218,2016-08-06,14,7,0.0,1013,20
219,219,2016-08-07,14,13,0.0,1013,17
220,220,2016-08-08,15,2,0.0,1014,20
221,221,2016-08-09,15,8,0.0,1016,19
222,222,2016-08-10,16,5,0.0,1018,24
223,223,2016-08-11,17,11,0.0,1019,26
224,224,2016-08-12,20,10,0.0,1018,30
225,225,2016-08-13,20,6,0.0,1015,28
226,226,2016-08-14,18,5,0.0,1015,26
227,227,2016-08-15,17,4,0.0,1018,29
228,228,2016-08-16,17,5,0.0,1018,26
229,229,2016-08-17,17,9,0.0,1017,26
230,230,2016-08-18,19,15,0.0,1016,26
231,231,2016-08-19,22,10,0.0,1017,31
232,232,2016-08-20,20,4,0.0,1012,29
233,233,2016-08-21,16,13,0.0,1011,20
234,234,2016-08-22,14,6,0.0,1017,19
235,235,2016-08-23,15,11,0.0,1021,25
236,236,2016-08-24,18,12,0.0,1023,26
237,237,2016-08-25,18,7,0.0,1019,23
238,238,2016-08-26,20,3,0.0,1012,28
239,239,2016-08-27,16,16,0.0,1011,18
240,240,2016-08-28,14,5,0.0,1018,20
241,241,2016-08-29,16,5,0.0,1016,26
242,242,2016-08-30,13,6,0.0,1016,14
243,243,2016-08-31,14,8,0.0,1015,16
244,244,2016-09-01,14,9,0.0,1016,16
245,245,2016-09-02,14,13,0.1,1015,17
246,246,2016-09-03,13,3,0.0,1015,19
247,247,2016-09-04,12,6,0.0,1014,19
248,248,2016-09-05,13,11,0.0,1015,17
249,249,2016-09-06,14,3,0.0,1014,18
250,250,2016-09-07,14,9,0.0,1020,18
251,251,2016-09-08,14,5,0.0,1023,19
252,252,2016-09-09,14,5,0.0,1025,24
253,253,2016-09-10,16,4,0.0,1018,26
254,254,2016-09-11,14,8,0.0,1020,19
255,255,2016-09-12,14,14,0.0,1021,24
256,256,2016-09-13,15,9,0.0,1017,25
257,257,2016-09-14,15,6,0.0,1017,25
258,258,2016-09-15,13,3,0.0,1020,24
259,259,2016-09-16,15,8,0.0,1016,24
260,260,2016-09-17,14,24,0.0,1012,16
261,261,2016-09-18,14,8,0.0,1017,19
262,262,2016-09-19,13,16,0.0,1019,17
263,263,2016-09-20,12,9,0.0,1019,18
264,264,2016-09-21,12,13,0.0,1016,18
265,265,2016-09-22,12,9,0.0,1016,19
266,266,2016-09-23,12,13,0.0,1016,12
267,267,2016-09-24,13,2,0.0,1027,18
268,268,2016-09-25,16,4,0.0,1027,25
269,269,2016-09-26,16,3,0.0,1018,28
270,270,2016-09-27,14,13,0.0,1020,20
271,271,2016-09-28,12,9,0.0,1017,19
272,272,2016-09-29,11,6,0.0,1017,17
273,273,2016-09-30,10,4,0.0,1014,20
274,274,2016-10-01,11,17,0.0,1014,14
275,275,2016-10-02,11,7,0.0,1013,16
276,276,2016-10-03,11,12,0.0,1012,16
277,277,2016-10-04,11,18,0.0,1010,15
278,278,2016-10-05,12,2,0.0,1013,17
279,279,2016-10-06,12,13,0.0,1018,15
280,280,2016-10-07,13,16,0.0,1017,15
281,281,2016-10-08,13,23,0.0,1010,16
282,282,2016-10-09,11,3,0.0,1015,15
283,283,2016-10-10,9,9,0.0,1018,14
284,284,2016-10-11,9,4,0.0,1023,19
285,285,2016-10-12,10,2,0.0,1016,17
286,286,2016-10-13,11,11,0.2,1003,12
287,287,2016-10-14,11,36,0.0,994,12
288,288,2016-10-15,10,14,0.4,990,11
289,289,2016-10-16,11,16,0.3,995,14
290,290,2016-10-17,11,22,0.0,1006,13
291,291,2016-10-18,10,16,0.0,1019,13
292,292,2016-10-19,10,4,0.0,1025,12
293,293,2016-10-20,11,16,0.0,1016,14
294,294,2016-10-21,10,11,0.1,1014,14
295,295,2016-10-22,10,4,0.0,1013,15
296,296,2016-10-23,12,1,0.0,1012,17
297,297,2016-10-24,12,12,0.1,1005,14
298,298,2016-10-25,11,13,0.1,1015,15
299,299,2016-10-26,11,11,0.0,1011,11
300,300,2016-10-27,11,10,0.3,1010,13
301,301,2016-10-28,11,6,0.0,1013,16
302,302,2016-10-29,10,9,0.2,1014,13
303,303,2016-10-30,9,9,0.0,1004,12
304,304,2016-10-31,10,15,0.0,1008,11
305,305,2016-11-01,10,15,0.0,1014,11
306,306,2016-11-02,10,9,0.1,1017,11
307,307,2016-11-03,11,5,0.0,1024,16
308,308,2016-11-04,12,8,0.0,1017,18
309,309,2016-11-05,12,15,0.3,1012,13
310,310,2016-11-06,11,10,0.0,1017,14
311,311,2016-11-07,12,6,0.0,1020,15
312,312,2016-11-08,13,7,0.0,1019,19
313,313,2016-11-09,12,9,0.0,1022,16
314,314,2016-11-10,12,4,0.0,1018,18
315,315,2016-11-11,13,2,0.0,1013,16
316,316,2016-11-12,11,28,0.0,1016,12
317,317,2016-11-13,10,11,0.0,1018,11
318,318,2016-11-14,10,7,0.0,1018,12
319,319,2016-11-15,9,18,0.0,1010,10
320,320,2016-11-16,6,10,0.0,1017,9
321,321,2016-11-17,6,8,0.1,1022,9
322,322,2016-11-18,7,6,0.0,1015,10
323,323,2016-11-19,8,8,0.2,1007,11
324,324,2016-11-20,9,14,0.0,1007,11
325,325,2016-11-21,8,11,0.0,1014,11
326,326,2016-11-22,7,3,0.6,1013,9
327,327,2016-11-23,7,18,0.0,1016,8
328,328,2016-11-24,7,23,0.0,1010,8
329,329,2016-11-25,7,2,0.0,1013,10
330,330,2016-11-26,8,11,0.4,999,9
331,331,2016-11-27,6,17,0.0,1006,7
332,332,2016-11-28,6,6,0.0,1013,9
333,333,2016-11-29,6,9,0.0,1020,9
334,334,2016-11-30,7,21,0.0,1014,8
335,335,2016-12-01,5,7,0.0,1025,7
336,336,2016-12-02,7,20,0.0,1022,7
337,337,2016-12-03,7,18,0.0,1024,8
338,338,2016-12-04,4,5,0.0,1017,6
339,339,2016-12-05,1,9,0.0,1018,3
340,340,2016-12-06,0,12,0.0,1024,4
341,341,2016-12-07,-1,11,0.0,1032,3
342,342,2016-12-08,-1,15,0.0,1020,2
343,343,2016-12-09,0,12,0.0,1017,2
344,344,2016-12-10,2,16,0.0,1010,3
345,345,2016-12-11,3,13,0.0,1014,4
346,346,2016-12-12,1,3,0.0,1023,4
347,347,2016-12-13,0,11,0.0,1026,2
348,348,2016-12-14,0,14,0.0,1018,2
349,349,2016-12-15,0,7,0.1,1013,2
350,350,2016-12-16,-2,11,0.0,1021,2
351,351,2016-12-17,-3,4,0.0,1030,0
352,352,2016-12-18,0,9,0.0,1031,3
353,353,2016-12-19,4,12,0.0,1022,5
354,354,2016-12-20,6,19,0.0,1023,7
355,355,2016-12-21,3,4,0.0,1027,7
356,356,2016-12-22,3,16,0.0,1011,5
357,357,2016-12-23,2,2,0.4,1003,3
358,358,2016-12-24,1,3,0.0,1014,4
359,359,2016-12-25,0,3,0.0,1020,4
360,360,2016-12-26,2,15,0.0,1022,5
361,361,2016-12-27,3,17,0.0,1015,4
362,362,2016-12-28,3,11,0.0,1030,5
363,363,2016-12-29,4,16,0.1,1020,5
364,364,2016-12-30,3,6,0.0,1025,6
365,365,2016-12-31,1,6,0.0,1015,3
366,366,2017-01-01,0,13,0.0,1007,2
367,367,2017-01-02,-3,9,0.0,1019,0
368,368,2017-01-03,-4,12,0.0,1028,0
369,369,2017-01-04,-5,13,0.0,1027,1
370,370,2017-01-05,-5,4,0.0,1025,2
371,371,2017-01-06,-3,8,0.0,1019,1
372,372,2017-01-07,-1,10,0.0,1013,2
373,373,2017-01-08,2,8,0.2,1003,3
374,374,2017-01-09,3,12,0.0,1005,4
375,375,2017-01-10,1,17,0.0,1004,3
376,376,2017-01-11,-2,6,0.0,1012,1
377,377,2017-01-12,-2,4,0.0,1025,6
378,378,2017-01-13,-1,4,0.0,1032,3
379,379,2017-01-14,0,4,0.0,1029,5
380,380,2017-01-15,0,2,0.0,1026,5
381,381,2017-01-16,3,8,0.0,1021,6
382,382,2017-01-17,5,7,0.0,1007,5
383,383,2017-01-18,8,16,0.0,995,10
384,384,2017-01-19,7,20,0.0,999,8
385,385,2017-01-20,6,4,0.0,988,10
386,386,2017-01-21,6,4,0.0,996,9
387,387,2017-01-22,5,11,0.0,1000,7
388,388,2017-01-23,3,6,0.0,1010,7
389,389,2017-01-24,2,2,0.0,1020,8
390,390,2017-01-25,3,4,0.2,1025,7
391,391,2017-01-26,4,5,0.0,1033,8
392,392,2017-01-27,4,3,0.0,1038,13
393,393,2017-01-28,5,8,0.0,1036,10
394,394,2017-01-29,5,18,0.0,1029,8
395,395,2017-01-30,4,10,0.0,1026,7
396,396,2017-01-31,2,13,0.0,1025,5
397,397,2017-02-01,0,18,0.0,1028,4
398,398,2017-02-02,1,13,0.0,1023,5
399,399,2017-02-03,2,6,0.3,1001,3
400,400,2017-02-04,5,7,0.0,1006,6
401,401,2017-02-05,2,5,0.2,1002,3
402,402,2017-02-06,1,11,0.0,999,1
403,403,2017-02-07,1,10,0.0,1007,4
404,404,2017-02-08,2,9,0.4,1012,3
405,405,2017-02-09,8,25,0.0,991,11
406,406,2017-02-10,5,29,0.0,1008,6
407,407,2017-02-11,4,7,0.0,1033,7
408,408,2017-02-12,4,6,0.0,1031,9
409,409,2017-02-13,5,8,0.0,1025,13
410,410,2017-02-14,7,9,0.0,1018,12
411,411,2017-02-15,8,10,0.3,1005,9
412,412,2017-02-16,9,11,0.0,998,10
413,413,2017-02-17,7,9,0.0,1004,10
414,414,2017-02-18,5,4,0.3,996,7
415,415,2017-02-19,6,17,0.2,999,7
416,416,2017-02-20,5,4,0.0,1001,7
417,417,2017-02-21,4,4,0.3,1012,6
418,418,2017-02-22,2,1,0.0,1022,7
419,419,2017-02-23,2,4,0.1,1024,7
420,420,2017-02-24,2,5,0.0,1023,7
421,421,2017-02-25,2,6,0.0,1021,6
422,422,2017-02-26,2,5,0.3,1007,3
423,423,2017-02-27,1,15,0.0,1005,4
424,424,2017-02-28,2,7,0.0,1019,5
425,425,2017-03-01,6,19,0.0,1028,7
426,426,2017-03-02,6,20,0.0,1025,7
427,427,2017-03-03,7,24,0.0,1009,9
428,428,2017-03-04,3,4,0.0,1005,7
429,429,2017-03-05,3,20,0.1,999,5
430,430,2017-03-06,2,17,0.0,1011,4
431,431,2017-03-07,2,10,0.0,1013,3
432,432,2017-03-08,3,13,0.0,1021,6
433,433,2017-03-09,5,5,0.0,1018,6
434,434,2017-03-10,7,15,0.0,1024,9
435,435,2017-03-11,6,13,0.0,1014,7
436,436,2017-03-12,8,8,0.1,1025,10
437,437,2017-03-13,8,10,0.0,1018,10
438,438,2017-03-14,10,20,0.0,1012,12
439,439,2017-03-15,8,4,0.0,1009,9
440,440,2017-03-16,6,13,0.0,1025,9
441,441,2017-03-17,5,6,0.1,1015,7
442,442,2017-03-18,7,18,0.0,1011,8
443,443,2017-03-19,4,9,0.0,1025,10
444,444,2017-03-20,6,9,0.1,1016,12
445,445,2017-03-21,8,9,0.0,1007,10
446,446,2017-03-22,8,23,0.0,1011,11
447,447,2017-03-23,8,8,0.0,1016,12
448,448,2017-03-24,8,19,0.0,1010,10
449,449,2017-03-25,7,12,0.0,1020,10
450,450,2017-03-26,6,7,0.3,1009,9
451,451,2017-03-27,7,18,0.0,1020,10
452,452,2017-03-28,7,19,0.0,1022,9
453,453,2017-03-29,8,23,0.1,1011,10
454,454,2017-03-30,7,3,0.0,1023,11
455,455,2017-03-31,7,3,0.0,1027,13
456,456,2017-04-01,8,6,0.0,1023,10
457,457,2017-04-02,7,2,0.3,1026,11
458,458,2017-04-03,6,6,0.0,1023,12
459,459,2017-04-04,8,10,0.0,1016,13
460,460,2017-04-05,8,6,0.6,1014,9
461,461,2017-04-06,9,12,0.0,1007,12
462,462,2017-04-07,9,23,0.0,995,11
463,463,2017-04-08,6,18,0.0,1013,8
464,464,2017-04-09,7,9,0.0,1018,11
465,465,2017-04-10,7,22,0.0,1017,9
466,466,2017-04-11,7,10,0.0,1015,13
467,467,2017-04-12,9,10,0.1,1008,13
468,468,2017-04-13,8,21,0.0,1009,11
469,469,2017-04-14,6,16,0.1,1021,10
470,470,2017-04-15,7,1,0.0,1024,14
471,471,2017-04-16,10,9,0.0,1012,16
472,472,2017-04-17,10,14,0.0,1011,14
473,473,2017-04-18,9,16,0.0,1015,13
474,474,2017-04-19,9,10,0.0,1018,10
475,475,2017-04-20,9,11,0.1,1024,12
476,476,2017-04-21,11,5,0.0,1025,17
477,477,2017-04-22,11,11,0.0,1012,11
478,478,2017-04-23,9,14,0.0,1010,10
479,479,2017-04-24,9,11,0.0,1006,12
480,480,2017-04-25,9,12,0.0,1013,12
481,481,2017-04-26,9,11,0.0,1010,12
482,482,2017-04-27,7,4,0.2,1018,13
483,483,2017-04-28,8,2,0.0,1027,13
484,484,2017-04-29,8,10,0.0,1022,12
485,485,2017-04-30,8,5,0.0,1025,10
486,486,2017-05-01,7,9,0.0,1023,10
487,487,2017-05-02,10,7,0.0,1022,17
488,488,2017-05-03,15,4,0.0,1020,24
489,489,2017-05-04,16,3,0.2,1011,25
490,490,2017-05-05,11,17,0.0,1013,11
491,491,2017-05-06,8,7,0.2,1019,14
492,492,2017-05-07,9,8,0.0,1022,15
493,493,2017-05-08,10,6,0.0,1021,15
494,494,2017-05-09,12,4,0.0,1016,19
495,495,2017-05-10,13,6,0.0,1011,20
496,496,2017-05-11,11,23,0.0,1013,10
497,497,2017-05-12,8,14,0.0,1014,12
498,498,2017-05-13,9,13,0.0,1013,12
499,499,2017-05-14,9,14,0.0,1015,12
500,500,2017-05-15,8,12,0.0,1013,10
501,501,2017-05-16,8,1,0.4,1005,12
502,502,2017-05-17,10,6,0.0,1020,15
503,503,2017-05-18,11,3,0.0,1020,20
504,504,2017-05-19,13,5,0.0,1019,20
505,505,2017-05-20,14,8,0.0,1021,20
506,506,2017-05-21,16,11,0.0,1023,25
507,507,2017-05-22,17,11,0.0,1019,26
508,508,2017-05-23,16,9,0.0,1014,25
509,509,2017-05-24,11,2,0.0,1014,15
510,510,2017-05-25,12,8,0.0,1011,19
511,511,2017-05-26,15,6,0.0,1014,25
512,512,2017-05-27,17,6,0.0,1018,28
513,513,2017-05-28,18,7,0.0,1018,28
514,514,2017-05-29,15,6,0.0,1015,25
515,515,2017-05-30,12,9,0.2,1013,15
516,516,2017-05-31,14,6,0.0,1010,24
517,517,2017-06-01,14,13,0.0,1013,18
518,518,2017-06-02,15,8,0.0,1017,21
519,519,2017-06-03,14,4,0.0,1016,18
520,520,2017-06-04,13,5,0.0,1018,18
521,521,2017-06-05,13,9,0.0,1019,24
522,522,2017-06-06,17,5,0.0,1013,26
523,523,2017-06-07,17,8,0.0,1006,25
524,524,2017-06-08,13,17,0.0,1008,14
525,525,2017-06-09,12,9,0.0,1010,18
526,526,2017-06-10,12,6,0.0,1009,18
527,527,2017-06-11,13,5,0.0,1015,20
528,528,2017-06-12,12,11,0.0,1015,16
529,529,2017-06-13,11,0,0.0,1019,14
530,530,2017-06-14,12,9,0.1,1018,16
531,531,2017-06-15,12,12,0.0,1011,14
532,532,2017-06-16,14,13,0.0,1017,17
533,533,2017-06-17,12,10,0.0,1020,17
534,534,2017-06-18,14,4,0.0,1022,16
535,535,2017-06-19,16,10,0.0,1015,25
536,536,2017-06-20,15,1,0.0,1020,18
537,537,2017-06-21,13,5,0.0,1023,24
538,538,2017-06-22,14,12,0.0,1024,24
539,539,2017-06-23,17,13,0.0,1022,26
540,540,2017-06-24,20,11,0.0,1019,30
541,541,2017-06-25,22,6,0.0,1012,30
542,542,2017-06-26,17,9,0.4,1012,25
543,543,2017-06-27,15,6,0.0,1015,20
544,544,2017-06-28,14,10,0.0,1015,20
545,545,2017-06-29,16,5,0.0,1019,25
546,546,2017-06-30,19,5,0.0,1016,28
547,547,2017-07-01,15,6,0.0,1016,24
548,548,2017-07-02,16,4,0.0,1017,25
549,549,2017-07-03,15,5,0.0,1020,25
550,550,2017-07-04,16,7,0.0,1016,25
551,551,2017-07-05,18,6,0.0,1015,27
552,552,2017-07-06,18,5,0.0,1018,27
553,553,2017-07-07,16,13,0.0,1022,21
554,554,2017-07-08,17,6,0.0,1017,25
555,555,2017-07-09,17,5,0.0,1017,25
556,556,2017-07-10,16,6,0.0,1016,19
557,557,2017-07-11,15,5,0.0,1017,25
558,558,2017-07-12,15,5,0.0,1016,25
559,559,2017-07-13,15,4,0.0,1019,19
560,560,2017-07-14,16,4,0.0,1019,27
561,561,2017-07-15,16,6,0.0,1020,26
562,562,2017-07-16,15,7,0.0,1023,20
563,563,2017-07-17,15,10,0.0,1017,24
564,564,2017-07-18,17,6,0.0,1015,26
565,565,2017-07-19,18,5,0.0,1017,26
566,566,2017-07-20,17,13,0.0,1019,24
567,567,2017-07-21,19,5,0.0,1020,26
568,568,2017-07-22,21,4,0.0,1020,31
569,569,2017-07-23,19,8,0.0,1016,27
570,570,2017-07-24,19,10,0.0,1014,27
571,571,2017-07-25,21,8,0.0,1016,31
572,572,2017-07-26,20,5,0.0,1017,32
573,573,2017-07-27,17,5,0.0,1019,26
574,574,2017-07-28,19,4,0.0,1017,32
575,575,2017-07-29,19,3,0.0,1020,32
576,576,2017-07-30,20,5,0.0,1024,32
577,577,2017-07-31,20,11,0.0,1022,29
578,578,2017-08-01,22,12,0.0,1020,31
579,579,2017-08-02,23,12,0.0,1017,32
580,580,2017-08-03,25,7,0.0,1014,38
581,581,2017-08-04,25,4,0.0,1011,39
582,582,2017-08-05,21,3,0.0,1012,36
583,583,2017-08-06,21,6,0.0,1014,31
584,584,2017-08-07,22,7,0.0,1015,35
585,585,2017-08-08,22,6,0.0,1014,34
586,586,2017-08-09,23,6,0.0,1014,34
587,587,2017-08-10,22,6,0.0,1014,36
588,588,2017-08-11,21,5,0.0,1013,31
589,589,2017-08-12,18,10,0.0,1012,25
590,590,2017-08-13,16,2,0.0,1015,18
591,591,2017-08-14,16,6,0.0,1014,25
592,592,2017-08-15,17,8,0.0,1013,26
593,593,2017-08-16,19,4,0.0,1018,27
594,594,2017-08-17,19,4,0.0,1020,31
595,595,2017-08-18,18,2,0.0,1020,27
596,596,2017-08-19,18,5,0.0,1021,27
597,597,2017-08-20,18,6,0.0,1019,26
598,598,2017-08-21,19,10,0.0,1018,26
599,599,2017-08-22,22,6,0.0,1016,34
600,600,2017-08-23,18,6,0.0,1014,27
601,601,2017-08-24,16,4,0.0,1017,25
602,602,2017-08-25,17,7,0.0,1017,25
603,603,2017-08-26,19,9,0.0,1020,27
604,604,2017-08-27,21,11,0.0,1017,30
605,605,2017-08-28,23,8,0.0,1012,35
606,606,2017-08-29,22,9,0.0,1011,34
607,607,2017-08-30,18,8,0.0,1015,25
608,608,2017-08-31,18,4,0.0,1019,25
609,609,2017-09-01,19,9,0.0,1018,28
610,610,2017-09-02,22,8,0.0,1015,33
611,611,2017-09-03,23,10,0.0,1016,32
612,612,2017-09-04,23,12,0.0,1016,30
613,613,2017-09-05,25,5,0.0,1014,35
614,614,2017-09-06,22,7,0.0,1013,32
615,615,2017-09-07,20,3,0.0,1012,28
616,616,2017-09-08,18,7,0.0,1014,21
617,617,2017-09-09,15,8,0.1,1017,16
618,618,2017-09-10,17,5,0.0,1024,27
619,619,2017-09-11,18,5,0.0,1019,30
620,620,2017-09-12,18,5,0.0,1014,26
621,621,2017-09-13,15,7,0.0,1014,24
622,622,2017-09-14,15,11,0.0,1014,24
623,623,2017-09-15,16,6,0.0,1018,26
624,624,2017-09-16,17,2,0.0,1015,25
625,625,2017-09-17,13,12,0.3,1008,16
626,626,2017-09-18,11,15,0.0,1007,16
627,627,2017-09-19,11,10,0.0,1007,14
628,628,2017-09-20,10,7,0.0,1005,17
629,629,2017-09-21,11,6,0.0,1014,17
630,630,2017-09-22,13,6,0.0,1016,21
631,631,2017-09-23,14,5,0.0,1018,24
632,632,2017-09-24,15,4,0.0,1019,25
633,633,2017-09-25,15,5,0.0,1019,17
634,634,2017-09-26,16,10,0.0,1021,25
635,635,2017-09-27,18,5,0.0,1019,30
636,636,2017-09-28,20,5,0.0,1013,33
637,637,2017-09-29,14,15,0.0,1014,15
638,638,2017-09-30,12,8,0.0,1018,17
639,639,2017-10-01,11,6,0.0,1019,16
640,640,2017-10-02,11,10,0.0,1020,16
641,641,2017-10-03,12,12,0.0,1025,21
642,642,2017-10-04,12,6,0.0,1021,20
643,643,2017-10-05,15,5,0.0,1021,24
644,644,2017-10-06,16,18,0.0,1016,18
645,645,2017-10-07,11,10,0.0,1014,15
646,646,2017-10-08,10,5,0.0,1025,17
647,647,2017-10-09,11,3,0.0,1021,20
648,648,2017-10-10,10,11,0.1,1011,14
649,649,2017-10-11,8,6,0.0,1016,13
650,650,2017-10-12,8,8,0.0,1016,11
651,651,2017-10-13,7,7,0.0,1022,12
652,652,2017-10-14,8,4,0.0,1031,13
653,653,2017-10-15,10,5,0.0,1024,19
654,654,2017-10-16,11,14,0.0,1021,18
655,655,2017-10-17,11,9,0.0,1017,15
656,656,2017-10-18,11,22,0.0,1005,13
657,657,2017-10-19,10,15,0.0,999,11
658,658,2017-10-20,8,16,0.0,1007,11
659,659,2017-10-21,9,14,0.0,1008,8
660,660,2017-10-22,12,17,0.0,1023,15
661,661,2017-10-23,12,1,0.0,1036,19
662,662,2017-10-24,11,8,0.0,1029,21
663,663,2017-10-25,11,6,0.0,1019,15
664,664,2017-10-26,11,12,0.0,1024,17
665,665,2017-10-27,12,7,0.0,1021,24
666,666,2017-10-28,13,3,0.0,1015,25
667,667,2017-10-29,11,7,0.0,1018,17
668,668,2017-10-30,11,12,0.0,1022,18
669,669,2017-10-31,9,4,0.0,1013,17
670,670,2017-11-01,9,5,0.0,1009,11
671,671,2017-11-02,7,16,0.0,1004,8
672,672,2017-11-03,3,12,0.4,1016,4
673,673,2017-11-04,3,8,0.0,1015,5
674,674,2017-11-05,2,12,0.5,1014,2
675,675,2017-11-06,3,2,0.0,1026,9
676,676,2017-11-07,4,8,0.0,1022,9
677,677,2017-11-08,8,6,0.0,1011,13
678,678,2017-11-09,7,12,0.0,1008,9
679,679,2017-11-10,7,3,0.0,1012,12
680,680,2017-11-11,7,8,0.0,1017,9
681,681,2017-11-12,9,10,0.1,1013,12
682,682,2017-11-13,9,31,0.0,1005,10
683,683,2017-11-14,8,18,0.5,1015,9
684,684,2017-11-15,7,15,0.0,1004,8
685,685,2017-11-16,6,11,0.0,1003,7
686,686,2017-11-17,6,10,0.0,1020,9
687,687,2017-11-18,7,6,0.0,1023,12
688,688,2017-11-19,6,19,0.0,1008,10
689,689,2017-11-20,7,10,0.0,1008,10
690,690,2017-11-21,8,12,0.0,1014,9
691,691,2017-11-22,14,14,0.0,1014,17
692,692,2017-11-23,11,11,0.0,1009,11
693,693,2017-11-24,8,16,0.0,1018,10
694,694,2017-11-25,8,4,0.0,1013,11
695,695,2017-11-26,9,14,0.0,1000,9
696,696,2017-11-27,6,8,0.0,1020,9
697,697,2017-11-28,6,8,0.0,1015,6
698,698,2017-11-29,6,9,0.0,1030,9
699,699,2017-11-30,6,9,0.0,1019,7
700,700,2017-12-01,6,16,0.1,1016,9
701,701,2017-12-02,5,5,0.3,1011,7
702,702,2017-12-03,4,3,0.0,1022,7
703,703,2017-12-04,3,1,0.0,1035,6
704,704,2017-12-05,3,12,0.0,1036,8
705,705,2017-12-06,5,8,0.0,1038,13
706,706,2017-12-07,5,5,0.0,1034,15
707,707,2017-12-08,3,1,0.0,1033,9
708,708,2017-12-09,4,2,0.0,1031,11
709,709,2017-12-10,5,4,0.0,1030,12
710,710,2017-12-11,4,6,0.0,1029,13
711,711,2017-12-12,5,1,0.0,1031,9
712,712,2017-12-13,5,10,0.0,1030,9
713,713,2017-12-14,5,3,0.0,1027,10
714,714,2017-12-15,4,5,0.0,1021,6
715,715,2017-12-16,5,5,0.0,1026,7
716,716,2017-12-17,7,15,0.0,1018,8
717,717,2017-12-18,7,1,0.0,1018,7
718,718,2017-12-19,5,19,0.0,999,7
719,719,2017-12-20,3,11,0.0,1025,6
720,720,2017-12-21,2,4,0.0,1028,4
721,721,2017-12-22,2,8,0.0,1025,4
722,722,2017-12-23,0,10,0.0,1033,4
723,723,2017-12-24,0,4,0.0,1025,4
724,724,2017-12-25,0,3,0.0,1026,2
725,725,2017-12-26,0,2,0.0,1026,5
726,726,2017-12-27,1,4,0.0,1025,5
727,727,2017-12-28,5,17,0.0,1017,7
728,728,2017-12-29,7,9,0.5,1012,8
729,729,2017-12-30,5,3,0.0,1024,8
730,730,2017-12-31,2,9,0.0,1024,6
731,731,2018-01-01,2,5,0.0,1030,6
732,732,2018-01-02,3,3,0.0,1029,7
733,733,2018-01-03,4,5,0.0,1022,11
734,734,2018-01-04,5,5,0.0,1018,9
735,735,2018-01-05,8,11,0.0,1017,9
736,736,2018-01-06,6,9,0.0,1024,7
737,737,2018-01-07,5,9,0.0,1018,6
738,738,2018-01-08,7,3,0.0,1007,9
739,739,2018-01-09,6,4,0.0,1004,7
740,740,2018-01-10,5,9,0.0,1017,7
741,741,2018-01-11,6,12,0.0,1007,6
742,742,2018-01-12,9,16,0.0,1026,10
743,743,2018-01-13,9,4,0.0,1029,13
744,744,2018-01-14,8,6,0.0,1022,15
745,745,2018-01-15,10,9,0.0,1017,15
746,746,2018-01-16,8,17,0.0,1023,11
747,747,2018-01-17,9,17,0.0,1011,12
748,748,2018-01-18,7,17,0.0,1008,9
749,749,2018-01-19,5,17,0.0,1012,7
750,750,2018-01-20,6,14,0.0,1017,7
751,751,2018-01-21,6,19,0.0,1010,7
752,752,2018-01-22,5,14,0.0,1024,8
753,753,2018-01-23,5,10,0.0,1013,5
754,754,2018-01-24,6,5,0.0,1003,7
755,755,2018-01-25,3,14,0.0,1006,4
756,756,2018-01-26,4,12,0.0,1021,5
757,757,2018-01-27,6,25,0.0,1017,8
758,758,2018-01-28,8,12,0.2,1026,10
759,759,2018-01-29,8,9,0.0,1013,9
760,760,2018-01-30,5,16,0.0,1020,8
761,761,2018-01-31,4,11,0.0,1023,6
762,762,2018-02-01,6,7,0.2,1022,7
763,763,2018-02-02,9,17,0.0,1020,12
764,764,2018-02-03,9,9,0.0,1025,10
765,765,2018-02-04,10,19,0.0,1017,12
766,766,2018-02-05,8,11,0.0,1021,9
767,767,2018-02-06,7,9,0.0,1027,9
768,768,2018-02-07,8,9,0.0,1028,11
769,769,2018-02-08,9,17,0.0,1021,11
770,770,2018-02-09,5,4,0.0,1025,8
771,771,2018-02-10,3,3,0.0,1028,8
772,772,2018-02-11,3,11,0.0,1014,9
773,773,2018-02-12,2,8,0.0,1026,9
774,774,2018-02-13,3,5,0.0,1022,9
775,775,2018-02-14,3,5,0.0,1017,5
776,776,2018-02-15,4,9,0.0,1029,7
777,777,2018-02-16,5,18,0.0,1020,7
778,778,2018-02-17,6,29,0.0,1001,8
779,779,2018-02-18,1,17,0.2,1009,3
780,780,2018-02-19,-1,9,0.0,1024,3
781,781,2018-02-20,0,1,0.1,1023,4
782,782,2018-02-21,-1,7,0.0,1026,3
783,783,2018-02-22,-1,13,0.0,1028,3
784,784,2018-02-23,-1,16,0.0,1027,1
785,785,2018-02-24,3,4,0.0,1019,6
786,786,2018-02-25,3,13,0.0,1008,6
787,787,2018-02-26,2,4,0.0,1022,9
788,788,2018-02-27,4,17,0.0,1017,7
789,789,2018-02-28,5,13,0.3,1008,7
790,790,2018-03-01,5,5,0.0,1001,10
791,791,2018-03-02,4,5,0.0,1006,8
792,792,2018-03-03,4,10,0.0,1015,10
793,793,2018-03-04,4,9,0.0,1021,9
794,794,2018-03-05,4,4,0.0,1028,9
795,795,2018-03-06,5,10,0.0,1026,12
796,796,2018-03-07,5,9,0.0,1015,11
797,797,2018-03-08,7,14,0.0,1003,8
798,798,2018-03-09,6,1,0.0,1017,12
799,799,2018-03-10,6,5,0.0,1018,14
800,800,2018-03-11,10,1,0.0,1022,19
801,801,2018-03-12,13,11,0.0,1016,24
802,802,2018-03-13,10,17,0.0,1010,10
803,803,2018-03-14,7,12,0.0,1012,11
804,804,2018-03-15,7,6,0.0,1008,14
805,805,2018-03-16,7,10,0.0,1010,14
806,806,2018-03-17,6,9,0.0,1012,12
807,807,2018-03-18,7,4,0.0,1021,14
808,808,2018-03-19,7,5,0.0,1022,13
809,809,2018-03-20,7,4,0.0,1016,15
810,810,2018-03-21,8,2,0.0,1005,18
811,811,2018-03-22,5,16,0.0,1003,6
812,812,2018-03-23,4,15,0.0,1011,7
813,813,2018-03-24,4,7,0.0,1012,9
814,814,2018-03-25,5,9,0.0,1019,10
815,815,2018-03-26,5,15,0.0,1024,6
816,816,2018-03-27,8,16,0.0,1025,9
817,817,2018-03-28,7,3,0.0,1029,9
818,818,2018-03-29,8,4,0.0,1026,14
819,819,2018-03-30,9,7,0.0,1022,13
820,820,2018-03-31,10,5,0.0,1022,15
821,821,2018-04-01,6,15,0.0,1012,8
822,822,2018-04-02,5,8,0.0,1018,10
823,823,2018-04-03,6,4,0.0,1016,10
824,824,2018-04-04,6,4,0.0,1018,7
825,825,2018-04-05,9,8,0.0,1013,12
826,826,2018-04-06,13,7,0.0,1008,18
827,827,2018-04-07,10,16,0.0,997,10
828,828,2018-04-08,8,20,0.0,1015,9
829,829,2018-04-09,11,3,0.0,1020,18
830,830,2018-04-10,10,16,0.0,1012,13
831,831,2018-04-11,8,8,0.6,1005,10
832,832,2018-04-12,6,11,0.1,1014,7
833,833,2018-04-13,8,17,0.0,1023,10
834,834,2018-04-14,8,10,0.0,1020,10
835,835,2018-04-15,8,12,0.0,1007,11
836,836,2018-04-16,6,21,0.0,1005,8
837,837,2018-04-17,7,16,0.0,1022,11
838,838,2018-04-18,8,6,0.0,1022,15
839,839,2018-04-19,10,3,0.0,1024,19
840,840,2018-04-20,10,11,0.0,1022,16
841,841,2018-04-21,9,5,0.0,1029,15
842,842,2018-04-22,9,11,0.0,1027,15
843,843,2018-04-23,12,10,0.0,1026,23
844,844,2018-04-24,16,5,0.0,1021,24
845,845,2018-04-25,16,11,0.0,1019,25
846,846,2018-04-26,18,8,0.0,1016,28
847,847,2018-04-27,12,16,0.0,1011,17
848,848,2018-04-28,9,6,0.3,1013,10
849,849,2018-04-29,10,7,0.0,1016,14
850,850,2018-04-30,10,3,0.0,1020,13
851,851,2018-05-01,11,5,0.0,1018,18
852,852,2018-05-02,13,5,0.0,1018,25
853,853,2018-05-03,15,6,0.0,1019,25
854,854,2018-05-04,13,5,0.0,1023,19
855,855,2018-05-05,14,10,0.0,1019,20
856,856,2018-05-06,17,6,0.0,1015,26
857,857,2018-05-07,15,3,0.0,1022,25
858,858,2018-05-08,17,7,0.0,1014,27
859,859,2018-05-09,14,14,0.0,1017,18
860,860,2018-05-10,11,3,0.0,1018,15
861,861,2018-05-11,12,8,0.0,1022,19
862,862,2018-05-12,15,12,0.0,1017,25
863,863,2018-05-13,19,8,0.0,1014,27
864,864,2018-05-14,21,7,0.0,1014,30
865,865,2018-05-15,17,6,0.0,1013,26
866,866,2018-05-16,15,5,0.0,1015,25
867,867,2018-05-17,14,4,0.0,1017,17
868,868,2018-05-18,15,4,0.0,1018,21
869,869,2018-05-19,16,4,0.0,1015,26
870,870,2018-05-20,14,3,0.0,1016,18
871,871,2018-05-21,15,7,0.0,1016,24
872,872,2018-05-22,17,7,0.0,1012,28
873,873,2018-05-23,19,5,0.0,1008,29
874,874,2018-05-24,16,3,0.0,1017,26
875,875,2018-05-25,15,4,0.0,1015,25
876,876,2018-05-26,14,2,0.0,1020,17
877,877,2018-05-27,16,4,0.0,1021,26
878,878,2018-05-28,14,5,0.0,1022,21
879,879,2018-05-29,13,2,0.0,1018,19
880,880,2018-05-30,13,9,0.0,1012,18
881,881,2018-05-31,12,4,0.0,1012,18
882,882,2018-06-01,13,11,0.0,1022,18
883,883,2018-06-02,17,5,0.0,1022,25
884,884,2018-06-03,13,9,0.2,1016,17
885,885,2018-06-04,14,2,0.0,1017,20
886,886,2018-06-05,13,13,0.0,1015,17
887,887,2018-06-06,16,6,0.0,1012,25
888,888,2018-06-07,15,11,0.0,1015,19
889,889,2018-06-08,13,8,0.2,1015,16
890,890,2018-06-09,11,7,0.5,1013,16
891,891,2018-06-10,10,12,0.0,1017,13
892,892,2018-06-11,13,6,0.0,1021,20
893,893,2018-06-12,14,10,0.0,1016,19
894,894,2018-06-13,13,12,0.0,1013,17
895,895,2018-06-14,14,2,0.0,1017,20
896,896,2018-06-15,15,9,0.0,1013,20
897,897,2018-06-16,16,9,0.0,1014,25
898,898,2018-06-17,20,11,0.0,1012,28
899,899,2018-06-18,22,4,0.0,1014,32
900,900,2018-06-19,21,5,0.0,1017,32
901,901,2018-06-20,22,5,0.0,1014,32
902,902,2018-06-21,17,8,0.0,1018,25
903,903,2018-06-22,15,8,0.0,1020,17
904,904,2018-06-23,16,3,0.0,1020,20
905,905,2018-06-24,18,6,0.0,1013,28
906,906,2018-06-25,15,10,0.0,1018,20
907,907,2018-06-26,15,8,0.0,1020,25
908,908,2018-06-27,14,5,0.0,1015,19
909,909,2018-06-28,15,3,0.0,1017,20
910,910,2018-06-29,15,2,0.0,1019,18
911,911,2018-06-30,14,5,0.0,1022,16
912,912,2018-07-01,15,5,0.0,1022,18
913,913,2018-07-02,14,3,0.1,1022,20
914,914,2018-07-03,16,4,0.0,1018,26
915,915,2018-07-04,19,6,0.0,1015,26
916,916,2018-07-05,21,6,0.0,1017,30
917,917,2018-07-06,19,13,0.0,1019,25
918,918,2018-07-07,17,8,0.0,1021,25
919,919,2018-07-08,19,10,0.0,1017,26
920,920,2018-07-09,17,8,0.0,1019,25
921,921,2018-07-10,17,3,0.0,1024,25
922,922,2018-07-11,19,10,0.0,1020,27
923,923,2018-07-12,21,10,0.0,1017,30
924,924,2018-07-13,22,5,0.0,1016,30
925,925,2018-07-14,21,11,0.0,1019,28
926,926,2018-07-15,23,9,0.0,1015,33
927,927,2018-07-16,23,8,0.0,1015,32
928,928,2018-07-17,21,8,0.0,1016,32
929,929,2018-07-18,19,6,0.0,1020,27
930,930,2018-07-19,17,9,0.0,1020,25
931,931,2018-07-20,17,3,0.0,1020,28
932,932,2018-07-21,18,7,0.0,1019,26
933,933,2018-07-22,20,10,0.0,1021,30
934,934,2018-07-23,22,8,0.0,1019,33
935,935,2018-07-24,22,6,0.0,1019,31
936,936,2018-07-25,23,6,0.0,1020,32
937,937,2018-07-26,23,5,0.0,1018,34
938,938,2018-07-27,21,5,0.0,1016,31
939,939,2018-07-28,21,4,0.0,1016,30
940,940,2018-07-29,23,9,0.0,1017,33
941,941,2018-07-30,24,5,0.0,1016,36
942,942,2018-07-31,20,8,0.0,1015,30
943,943,2018-08-01,18,7,0.0,1015,25
944,944,2018-08-02,16,11,0.0,1017,19
945,945,2018-08-03,17,3,0.0,1019,25
946,946,2018-08-04,19,8,0.0,1015,27
947,947,2018-08-05,21,6,0.0,1016,30
948,948,2018-08-06,22,7,0.0,1019,30
949,949,2018-08-07,22,10,0.0,1015,31
950,950,2018-08-08,24,8,0.0,1012,34
951,951,2018-08-09,24,6,0.0,1015,38
952,952,2018-08-10,21,10,0.0,1013,32
953,953,2018-08-11,17,11,0.5,1017,20
954,954,2018-08-12,18,7,0.0,1020,25
955,955,2018-08-13,19,10,0.0,1017,27
956,956,2018-08-14,21,8,0.0,1012,33
957,957,2018-08-15,22,5,0.0,1013,38
958,958,2018-08-16,18,5,0.0,1017,30
959,959,2018-08-17,17,6,0.0,1021,27
960,960,2018-08-18,18,9,0.0,1021,28
961,961,2018-08-19,19,9,0.0,1017,30
962,962,2018-08-20,20,10,0.0,1016,28
963,963,2018-08-21,23,8,0.0,1017,31
964,964,2018-08-22,22,5,0.0,1013,35
965,965,2018-08-23,16,13,0.0,1015,20
966,966,2018-08-24,15,5,0.0,1018,19
967,967,2018-08-25,14,5,0.0,1017,18
968,968,2018-08-26,13,8,0.0,1015,15
969,969,2018-08-27,16,9,0.0,1018,25
970,970,2018-08-28,19,6,0.0,1016,29
971,971,2018-08-29,18,6,0.0,1011,26
972,972,2018-08-30,16,6,0.0,1016,20
973,973,2018-08-31,16,6,0.0,1019,19
974,974,2018-09-01,16,4,0.0,1019,24
975,975,2018-09-02,16,6,0.0,1017,25
976,976,2018-09-03,16,7,0.0,1019,26
977,977,2018-09-04,16,10,0.0,1018,25
978,978,2018-09-05,18,9,0.0,1015,26
979,979,2018-09-06,20,4,0.0,1017,33
980,980,2018-09-07,17,9,0.0,1016,25
981,981,2018-09-08,15,10,0.0,1018,19
982,982,2018-09-09,17,15,0.0,1013,24
983,983,2018-09-10,15,13,0.0,1015,20
984,984,2018-09-11,13,9,0.4,1013,18
985,985,2018-09-12,13,6,0.5,1013,18
986,986,2018-09-13,13,9,0.0,1014,18
987,987,2018-09-14,13,8,0.1,1014,19
988,988,2018-09-15,13,11,0.0,1011,17
989,989,2018-09-16,13,18,0.0,1014,16
990,990,2018-09-17,12,8,0.0,1019,20
991,991,2018-09-18,12,8,0.0,1018,18
992,992,2018-09-19,13,5,0.0,1017,24
993,993,2018-09-20,13,6,0.0,1019,18
994,994,2018-09-21,16,10,0.0,1012,24
995,995,2018-09-22,14,17,0.0,1013,17
996,996,2018-09-23,13,2,0.0,1020,19
997,997,2018-09-24,12,9,0.0,1023,20
998,998,2018-09-25,13,11,0.0,1024,20
999,999,2018-09-26,14,8,0.0,1021,24
1000,1000,2018-09-27,15,11,0.0,1016,25
1001,1001,2018-09-28,17,9,0.0,1010,26
1002,1002,2018-09-29,16,8,0.0,1010,24
1003,1003,2018-09-30,14,12,0.0,1011,15
1004,1004,2018-10-01,14,10,0.0,1010,17
1005,1005,2018-10-02,12,18,0.0,1006,15
1006,1006,2018-10-03,9,9,0.0,1016,14
1007,1007,2018-10-04,10,2,0.0,1016,18
1008,1008,2018-10-05,9,3,0.0,1015,11
1009,1009,2018-10-06,10,5,0.0,1020,16
1010,1010,2018-10-07,10,3,0.1,1021,12
1011,1011,2018-10-08,11,2,0.1,1015,14
1012,1012,2018-10-09,11,7,0.0,1015,15
1013,1013,2018-10-10,12,7,0.0,1016,18
1014,1014,2018-10-11,11,1,0.0,1019,18
1015,1015,2018-10-12,11,6,0.0,1017,18
1016,1016,2018-10-13,11,12,0.0,1024,17
1017,1017,2018-10-14,11,9,0.0,1028,20
1018,1018,2018-10-15,11,8,0.0,1026,19
1019,1019,2018-10-16,13,5,0.0,1025,24
1020,1020,2018-10-17,14,2,0.0,1021,26
1021,1021,2018-10-18,13,4,0.0,1021,21
1022,1022,2018-10-19,12,3,0.0,1025,24
1023,1023,2018-10-20,10,9,0.0,1020,18
1024,1024,2018-10-21,10,4,0.0,1016,20
1025,1025,2018-10-22,10,3,0.0,1014,24
1026,1026,2018-10-23,10,10,0.0,1013,16
1027,1027,2018-10-24,11,6,0.0,1016,15
1028,1028,2018-10-25,12,8,0.0,1018,12
1029,1029,2018-10-26,13,13,0.0,1016,16
1030,1030,2018-10-27,10,1,0.0,1015,17
1031,1031,2018-10-28,11,15,0.0,1014,13
1032,1032,2018-10-29,9,9,0.0,1022,12
1033,1033,2018-10-30,9,7,0.0,1026,13
1034,1034,2018-10-31,11,12,0.0,1017,13
1035,1035,2018-11-01,14,18,0.0,1018,14
1036,1036,2018-11-02,13,10,0.0,1020,15
1037,1037,2018-11-03,11,13,0.0,1023,12
1038,1038,2018-11-04,11,3,0.0,1014,15
1039,1039,2018-11-05,9,9,0.0,1017,12
1040,1040,2018-11-06,8,5,0.0,1023,11
1041,1041,2018-11-07,6,7,0.0,1029,11
1042,1042,2018-11-08,5,4,0.0,1032,10
1043,1043,2018-11-09,4,2,0.0,1024,8
1044,1044,2018-11-10,5,10,0.0,1029,10
1045,1045,2018-11-11,5,10,0.0,1031,11
1046,1046,2018-11-12,8,4,0.0,1030,18
1047,1047,2018-11-13,8,9,0.0,1028,13
1048,1048,2018-11-14,9,15,0.0,1026,11
1049,1049,2018-11-15,10,7,0.0,1025,13
1050,1050,2018-11-16,10,9,0.0,1024,13
1051,1051,2018-11-17,7,11,0.0,1026,13
1052,1052,2018-11-18,6,5,0.0,1022,13
1053,1053,2018-11-19,7,1,0.0,1020,17
1054,1054,2018-11-20,7,4,0.0,1015,14
1055,1055,2018-11-21,8,11,0.2,1009,9
1056,1056,2018-11-22,8,5,0.5,1001,11
1057,1057,2018-11-23,7,14,0.0,1004,9
1058,1058,2018-11-24,5,5,0.0,1021,9
1059,1059,2018-11-25,6,5,0.0,1021,12
1060,1060,2018-11-26,9,15,0.0,1013,11
1061,1061,2018-11-27,11,15,0.0,1005,13
1062,1062,2018-11-28,8,6,0.1,1006,11
1063,1063,2018-11-29,7,8,0.0,1004,10
1064,1064,2018-11-30,6,12,0.0,1007,9
1065,1065,2018-12-01,5,4,0.0,1011,8
1066,1066,2018-12-02,5,3,0.0,1021,8
1067,1067,2018-12-03,3,8,0.0,1027,8
1068,1068,2018-12-04,2,8,0.0,1025,8
1069,1069,2018-12-05,2,8,0.0,1023,10
1070,1070,2018-12-06,2,5,0.0,1021,8
1071,1071,2018-12-07,2,5,0.0,1022,8
1072,1072,2018-12-08,4,6,0.0,1028,9
1073,1073,2018-12-09,5,11,0.1,1022,6
1074,1074,2018-12-10,6,11,0.0,1024,9
1075,1075,2018-12-11,7,21,0.0,1006,8
1076,1076,2018-12-12,6,14,0.0,1024,8
1077,1077,2018-12-13,7,12,0.0,1015,8
1078,1078,2018-12-14,8,12,0.0,1000,12
1079,1079,2018-12-15,7,6,0.0,1014,10
1080,1080,2018-12-16,8,8,0.3,1005,9
1081,1081,2018-12-17,8,13,0.0,1012,10
1082,1082,2018-12-18,9,22,0.0,1007,10
1083,1083,2018-12-19,7,8,0.0,1024,10
1084,1084,2018-12-20,8,32,0.0,1004,10
1085,1085,2018-12-21,3,6,0.0,1022,6
1086,1086,2018-12-22,4,7,0.1,1019,7
1087,1087,2018-12-23,6,13,0.0,1015,8
1088,1088,2018-12-24,5,8,0.0,1016,10
1089,1089,2018-12-25,4,3,0.0,1023,8
1090,1090,2018-12-26,4,9,0.0,1017,5
1091,1091,2018-12-27,4,3,0.0,1028,7
1092,1092,2018-12-28,4,11,0.0,1026,5
1093,1093,2018-12-29,9,22,0.0,1014,10
1094,1094,2018-12-30,5,4,0.1,1021,8
1095,1095,2018-12-31,2,5,0.0,1032,8
1096,1096,2019-01-01,0,5,0.0,1027,4
1097,1097,2019-01-02,0,10,0.1,1024,7
1098,1098,2019-01-03,0,18,0.5,1010,9
1099,1099,2019-01-04,0,7,0.1,1016,7
1100,1100,2019-01-05,0,5,0.0,1014,7
1101,1101,2019-01-06,0,9,0.1,1004,7
1102,1102,2019-01-07,0,10,0.0,1003,7
1103,1103,2019-01-08,0,5,1.2,1014,6
1104,1104,2019-01-09,0,12,0.6,1006,10
1105,1105,2019-01-10,0,8,0.1,1022,7
1106,1106,2019-01-11,0,8,0.0,1016,9
1107,1107,2019-01-12,0,5,0.0,1014,10
1108,1108,2019-01-13,0,6,0.0,1022,8
1109,1109,2019-01-14,0,3,0.0,1017,6
1110,1110,2019-01-15,0,4,0.0,1012,6
1111,1111,2019-01-16,0,7,0.0,1009,8
1112,1112,2019-01-17,0,9,0.3,1000,10
1113,1113,2019-01-18,0,13,0.0,1009,8
1114,1114,2019-01-19,0,11,0.0,1019,11
1115,1115,2019-01-20,0,15,0.0,1018,9
1116,1116,2019-01-21,0,9,0.0,1028,8
1117,1117,2019-01-22,0,11,1.5,1028,8
1118,1118,2019-01-23,0,7,0.2,1029,10
1119,1119,2019-01-24,0,5,0.0,1032,9
1120,1120,2019-01-25,0,4,0.0,1033,9
1121,1121,2019-01-26,0,5,0.0,1029,8
1122,1122,2019-01-27,0,6,0.0,1024,9
1123,1123,2019-01-28,0,8,0.0,1025,10
1124,1124,2019-01-29,0,4,0.0,1020,7
1125,1125,2019-01-30,0,4,0.0,1019,8
1126,1126,2019-01-31,0,10,0.0,1011,9
1127,1127,2019-02-01,0,11,0.8,1013,10
1128,1128,2019-02-02,0,7,0.1,1005,8
1129,1129,2019-02-03,0,11,0.3,1003,6
1130,1130,2019-02-04,0,21,1.1,1005,0
1131,1131,2019-02-05,0,6,0.0,1016,1
1132,1132,2019-02-06,0,3,0.0,1024,3
1133,1133,2019-02-07,0,5,0.0,1024,4
1134,1134,2019-02-08,0,7,0.0,1018,3
1135,1135,2019-02-09,0,11,1.6,1013,2
1136,1136,2019-02-10,0,8,0.0,1020,3
1137,1137,2019-02-11,0,8,0.6,1006,2
1138,1138,2019-02-12,0,11,0.6,1005,4
1139,1139,2019-02-13,0,9,0.3,1021,4
1140,1140,2019-02-14,0,7,0.0,991,5
1141,1141,2019-02-15,0,8,0.0,1003,5
1142,1142,2019-02-16,0,8,0.2,1011,5
1143,1143,2019-02-17,0,7,0.2,1024,4
1144,1144,2019-02-18,0,4,0.0,1029,4
1145,1145,2019-02-19,0,7,0.2,1024,4
1146,1146,2019-02-20,0,7,0.1,1010,5
1147,1147,2019-02-21,0,10,0.0,1014,4
1148,1148,2019-02-22,0,9,0.7,1021,5
1149,1149,2019-02-23,0,12,0.3,1021,5
1150,1150,2019-02-24,0,8,0.0,1017,4
1151,1151,2019-02-25,0,10,0.0,1008,3
1152,1152,2019-02-26,0,12,0.0,1018,4
1153,1153,2019-02-27,0,9,0.0,1018,5
1154,1154,2019-02-28,0,7,0.0,1020,6
1155,1155,2019-03-01,0,7,0.0,1021,6
1156,1156,2019-03-02,0,10,0.0,1016,5
1157,1157,2019-03-03,0,10,0.0,1027,4
1158,1158,2019-03-04,0,7,0.0,1027,6
1159,1159,2019-03-05,0,10,0.0,1020,6
1160,1160,2019-03-06,0,9,0.2,1004,5
1161,1161,2019-03-07,0,8,0.1,1013,4
1162,1162,2019-03-08,0,4,0.0,1015,6
1163,1163,2019-03-09,0,6,0.0,1019,7
1164,1164,2019-03-10,0,7,0.0,1022,7
1165,1165,2019-03-11,0,7,0.0,1016,7
1166,1166,2019-03-12,0,7,1.1,1013,8
1167,1167,2019-03-13,0,6,0.0,1025,8
1168,1168,2019-03-14,0,6,0.0,1029,11
1169,1169,2019-03-15,0,3,0.0,1029,13
1170,1170,2019-03-16,0,5,0.0,1026,14
1171,1171,2019-03-17,0,10,0.0,1026,15
1172,1172,2019-03-18,0,7,0.0,1023,19
1173,1173,2019-03-19,0,5,0.0,1019,21
1174,1174,2019-03-20,0,8,0.0,1013,21
1175,1175,2019-03-21,0,11,0.0,1017,15
1176,1176,2019-03-22,0,8,0.0,1011,17
1177,1177,2019-03-23,0,3,0.0,1021,15
1178,1178,2019-03-24,0,3,0.0,1022,14
1179,1179,2019-03-25,0,8,0.0,1014,14
1180,1180,2019-03-26,0,13,0.0,1018,12
1181,1181,2019-03-27,0,13,0.0,1012,13
1182,1182,2019-03-28,0,4,0.0,1020,16
1183,1183,2019-03-29,0,4,0.0,1027,16
1184,1184,2019-03-30,0,4,0.0,1029,17
1185,1185,2019-03-31,0,6,0.0,1024,18
1186,1186,2019-04-01,0,12,0.0,1017,16
1187,1187,2019-04-02,0,8,0.0,1010,17
1188,1188,2019-04-03,0,27,0.0,1010,14
1189,1189,2019-04-04,0,2,0.0,1013,18
1190,1190,2019-04-05,0,15,0.6,1005,14
1191,1191,2019-04-06,0,19,1.8,1006,9
1192,1192,2019-04-07,0,1,0.0,1014,15
1193,1193,2019-04-08,0,11,0.8,1015,13
1194,1194,2019-04-09,0,5,0.0,1021,15
1195,1195,2019-04-10,0,15,0.3,1025,9
1196,1196,2019-04-11,0,12,0.3,1017,10
1197,1197,2019-04-12,0,4,0.2,1018,13
1198,1198,2019-04-13,0,20,0.7,1012,8
1199,1199,2019-04-14,0,11,0.4,1012,10
1200,1200,2019-04-15,0,4,0.0,1009,13
1201,1201,2019-04-16,0,11,0.0,1015,13
1202,1202,2019-04-17,0,13,0.1,1025,13
1203,1203,2019-04-18,0,10,0.1,1022,15
1204,1204,2019-04-19,0,10,0.8,1015,13
1205,1205,2019-04-20,0,8,0.0,1016,13
1206,1206,2019-04-21,0,8,0.0,1024,16
1207,1207,2019-04-22,0,15,0.0,1025,12
1208,1208,2019-04-23,0,10,0.2,1022,15
1209,1209,2019-04-24,0,4,0.1,1025,14
1210,1210,2019-04-25,0,14,0.0,1020,14
1211,1211,2019-04-26,0,10,0.0,1020,17
1212,1212,2019-04-27,0,7,0.1,1020,12
1213,1213,2019-04-28,0,13,0.0,1025,14
1214,1214,2019-04-29,0,12,0.0,1020,15
1215,1215,2019-04-30,0,10,0.0,1020,17
1216,1216,2019-05-01,0,11,0.0,1017,16
1217,1217,2019-05-02,0,12,0.0,1020,14
1218,1218,2019-05-03,0,4,0.0,1018,18
1219,1219,2019-05-04,0,6,0.0,1014,19
1220,1220,2019-05-05,0,10,0.0,1010,19
1221,1221,2019-05-06,0,10,0.0,1014,22
1222,1222,2019-05-07,0,10,0.0,1017,21
1223,1223,2019-05-08,0,9,0.0,1020,22
1224,1224,2019-05-09,0,10,0.0,1018,26
1225,1225,2019-05-10,0,6,0.0,1014,27
1226,1226,2019-05-11,0,5,0.0,1011,30
1227,1227,2019-05-12,0,12,0.0,1012,20
1228,1228,2019-05-13,0,6,0.0,1013,19
1229,1229,2019-05-14,0,17,0.4,1015,13
1230,1230,2019-05-15,0,14,0.0,1008,17
1231,1231,2019-05-16,0,6,0.1,1002,21
1232,1232,2019-05-17,0,13,1.3,1010,13
1233,1233,2019-05-18,0,4,0.0,1007,22
1234,1234,2019-05-19,0,9,0.1,1006,21
1235,1235,2019-05-20,0,15,0.6,1008,12
1236,1236,2019-05-21,0,12,0.0,1007,17
1237,1237,2019-05-22,0,5,0.0,1014,25
1238,1238,2019-05-23,0,6,0.0,1014,25
1239,1239,2019-05-24,0,17,0.0,1010,13
1240,1240,2019-05-25,0,14,0.5,1012,14
1241,1241,2019-05-26,0,7,0.0,1012,19
1242,1242,2019-05-27,0,4,0.0,1013,26
1243,1243,2019-05-28,0,10,0.0,1016,21
1244,1244,2019-05-29,0,8,0.1,1016,20
1245,1245,2019-05-30,0,5,0.0,1014,26
1246,1246,2019-05-31,0,5,0.0,1017,29
1247,1247,2019-06-01,0,6,0.0,1014,27
1248,1248,2019-06-02,0,7,0.0,1011,26
1249,1249,2019-06-03,0,5,0.0,1018,22
1250,1250,2019-06-04,0,7,0.0,1019,20
1251,1251,2019-06-05,0,14,0.0,1016,16
1252,1252,2019-06-06,0,7,0.0,1014,17
1253,1253,2019-06-07,0,9,1.8,1017,12
1254,1254,2019-06-08,0,7,0.1,1027,18
1255,1255,2019-06-09,0,10,0.0,1027,21
1256,1256,2019-06-10,0,11,0.0,1024,25
1257,1257,2019-06-11,0,16,0.0,1023,26
1258,1258,2019-06-12,0,9,0.0,1014,30
1259,1259,2019-06-13,0,9,0.0,1012,27
1260,1260,2019-06-14,0,5,0.0,1017,20
1261,1261,2019-06-15,0,7,0.0,1017,25
1262,1262,2019-06-16,0,6,0.0,1016,26
1263,1263,2019-06-17,0,6,0.0,1018,26
1264,1264,2019-06-18,0,4,0.0,1021,19
1265,1265,2019-06-19,0,10,0.1,1020,18
1266,1266,2019-06-20,0,4,0.1,1017,19
1267,1267,2019-06-21,0,6,0.0,1019,19
1268,1268,2019-06-22,0,10,0.0,1021,16
1269,1269,2019-06-23,0,10,0.0,1019,15
1270,1270,2019-06-24,0,4,0.0,1016,20
1271,1271,2019-06-25,0,3,0.0,1011,25
1272,1272,2019-06-26,0,7,0.0,1011,25
1273,1273,2019-06-27,0,10,0.2,1016,20
1274,1274,2019-06-28,0,8,0.0,1019,22
1275,1275,2019-06-29,0,7,0.0,1020,25
1276,1276,2019-06-30,0,10,0.0,1019,25
1277,1277,2019-07-01,0,6,0.0,1016,27
1278,1278,2019-07-02,0,6,0.3,1018,17
1279,1279,2019-07-03,0,4,0.0,1017,20
1280,1280,2019-07-04,0,6,0.0,1016,25
1281,1281,2019-07-05,0,9,0.0,1018,21
1282,1282,2019-07-06,0,8,0.0,1019,21
1283,1283,2019-07-07,0,10,0.0,1016,20
1284,1284,2019-07-08,0,4,0.0,1014,25
1285,1285,2019-07-09,0,4,0.0,1015,26
1286,1286,2019-07-10,0,8,0.5,1017,21
1287,1287,2019-07-11,0,7,0.0,1019,26
1288,1288,2019-07-12,0,7,0.0,1017,25
1289,1289,2019-07-13,0,2,0.1,1015,26
1290,1290,2019-07-14,0,4,0.0,1018,26
1291,1291,2019-07-15,0,9,0.0,1018,23
1292,1292,2019-07-16,0,5,0.2,1015,25
1293,1293,2019-07-17,0,20,0.3,1012,17
1294,1294,2019-07-18,0,8,0.1,1015,21
1295,1295,2019-07-19,0,8,0.0,1019,22
1296,1296,2019-07-20,0,12,0.0,1018,25
1297,1297,2019-07-21,0,6,0.0,1015,30
1298,1298,2019-07-22,0,9,0.0,1016,27
1299,1299,2019-07-23,0,5,0.0,1017,26
1300,1300,2019-07-24,0,8,0.0,1024,23
1301,1301,2019-07-25,0,10,0.0,1019,26
1302,1302,2019-07-26,0,5,0.0,1017,31
1303,1303,2019-07-27,0,4,0.0,1022,22
1304,1304,2019-07-28,0,10,0.0,1021,26
1305,1305,2019-07-29,0,4,0.0,1015,28
1306,1306,2019-07-30,0,7,0.0,1016,20
1307,1307,2019-07-31,0,4,0.0,1016,28
1308,1308,2019-08-01,26,11,0.0,1015,27
1309,1309,2019-08-02,24,19,0.0,1018,26
1310,1310,2019-08-03,23,12,0.0,1019,25
1311,1311,2019-08-04,26,12,0.0,1017,27
1312,1312,2019-08-05,29,8,0.0,1016,30
1313,1313,2019-08-06,28,8,0.0,1014,30
1314,1314,2019-08-07,28,6,0.0,1012,30
1315,1315,2019-08-08,20,7,0.0,1014,21
1316,1316,2019-08-09,23,5,0.0,1014,26
1317,1317,2019-08-10,21,4,0.1,1014,22
1318,1318,2019-08-11,19,8,0.0,1018,18
1319,1319,2019-08-12,24,5,0.0,1019,26
1320,1320,2019-08-13,25,8,0.0,1019,26
1321,1321,2019-08-14,26,6,0.0,1021,28
1322,1322,2019-08-15,26,5,0.0,1021,27
1323,1323,2019-08-16,21,10,0.0,1018,21
1324,1324,2019-08-17,22,9,0.0,1014,22
1325,1325,2019-08-18,21,8,0.0,1009,21
1326,1326,2019-08-19,22,8,0.0,1015,21
1327,1327,2019-08-20,25,8,0.0,1013,26
1328,1328,2019-08-21,17,10,0.4,1015,17
1329,1329,2019-08-22,23,5,0.0,1017,22
1330,1330,2019-08-23,22,7,0.0,1013,25
1331,1331,2019-08-24,22,7,0.0,1014,24
1332,1332,2019-08-25,20,6,0.0,1020,20
1333,1333,2019-08-26,22,13,0.0,1020,24
1334,1334,2019-08-27,24,13,0.0,1015,26
1335,1335,2019-08-28,27,8,0.0,1011,28
1336,1336,2019-08-29,23,10,0.0,1014,26
1337,1337,2019-08-30,22,9,0.0,1017,22
1338,1338,2019-08-31,24,6,0.0,1015,26
1339,1339,2019-09-01,24,8,0.0,1015,26
1340,1340,2019-09-02,23,9,0.0,1018,26
1341,1341,2019-09-03,25,5,0.0,1016,28
1342,1342,2019-09-04,22,4,0.0,1017,22
1343,1343,2019-09-05,23,10,0.0,1016,25
1344,1344,2019-09-06,26,9,0.0,1017,27
1345,1345,2019-09-07,23,4,0.0,1014,26
1346,1346,2019-09-08,18,10,0.0,1012,18
1347,1347,2019-09-09,17,12,0.7,1011,18
1348,1348,2019-09-10,20,5,0.0,1013,22
1349,1349,2019-09-11,20,8,0.0,1021,21
1350,1350,2019-09-12,23,10,0.0,1019,25
1351,1351,2019-09-13,20,13,0.2,1019,21
1352,1352,2019-09-14,19,13,0.0,1014,20
1353,1353,2019-09-15,16,10,0.6,1008,15
1354,1354,2019-09-16,11,8,0.0,1009,20
1355,1355,2019-09-17,13,6,3.3,1007,13
1356,1356,2019-09-18,17,8,0.3,1012,18
1357,1357,2019-09-19,19,5,0.0,1017,21
1358,1358,2019-09-20,19,4,0.0,1018,20
1359,1359,2019-09-21,18,7,0.0,1018,19
1360,1360,2019-09-22,16,12,0.5,1011,16
1361,1361,2019-09-23,15,12,0.1,1022,15
1362,1362,2019-09-24,17,5,0.1,1022,17
1363,1363,2019-09-25,18,6,0.0,1023,20
1364,1364,2019-09-26,17,6,0.0,1012,17
1365,1365,2019-09-27,12,6,0.4,1012,13
1366,1366,2019-09-28,12,11,0.5,1013,12
1367,1367,2019-09-29,11,9,0.3,1015,12
1368,1368,2019-09-30,13,5,0.0,1020,15
1369,1369,2019-10-01,15,3,0.0,1022,16
1370,1370,2019-10-02,14,3,0.0,1017,16
1371,1371,2019-10-03,15,13,0.3,1015,16
1372,1372,2019-10-04,14,10,0.2,1020,14
1373,1373,2019-10-05,15,4,0.0,1028,15
1374,1374,2019-10-06,15,7,0.0,1025,16
1375,1375,2019-10-07,15,25,0.0,1014,17
1376,1376,2019-10-08,9,5,0.7,1013,10
1377,1377,2019-10-09,11,9,0.0,1029,12
1378,1378,2019-10-10,12,6,0.0,1029,14
1379,1379,2019-10-11,14,4,0.0,1022,15
1380,1380,2019-10-12,13,2,0.0,1015,14
1381,1381,2019-10-13,13,2,0.0,1013,14
1382,1382,2019-10-14,14,3,0.0,1018,14
1383,1383,2019-10-15,13,10,0.0,1015,14
1384,1384,2019-10-16,12,12,1.3,1007,12
1385,1385,2019-10-17,13,22,0.2,1005,14
1386,1386,2019-10-18,11,21,0.0,1012,12
1387,1387,2019-10-19,10,7,0.3,1007,10
1388,1388,2019-10-20,9,9,0.6,1014,9
1389,1389,2019-10-21,10,12,0.9,1022,11
1390,1390,2019-10-22,14,3,0.1,1022,13
1391,1391,2019-10-23,11,7,0.0,1031,12
1392,1392,2019-10-24,14,2,0.0,1026,15
1393,1393,2019-10-25,12,15,0.3,1017,13
1394,1394,2019-10-26,10,15,0.1,1027,10
1395,1395,2019-10-27,10,4,0.0,1031,11
1396,1396,2019-10-28,9,4,0.0,1021,11
1397,1397,2019-10-29,7,5,0.0,1033,9
1398,1398,2019-10-30,7,5,0.0,1028,9
1399,1399,2019-10-31,8,2,0.0,1027,10
1400,1400,2019-11-01,9,8,0.0,1030,11
1401,1401,2019-11-02,11,7,0.0,1024,12
1402,1402,2019-11-03,11,2,0.0,1021,12
1403,1403,2019-11-04,11,6,0.0,1021,12
1404,1404,2019-11-05,10,3,0.0,1021,12
1405,1405,2019-11-06,10,7,0.0,1024,11
1406,1406,2019-11-07,11,2,0.0,1023,12
1407,1407,2019-11-08,11,7,0.0,1021,13
1408,1408,2019-11-09,11,7,0.0,1023,11
1409,1409,2019-11-10,12,5,0.0,1025,12
1410,1410,2019-11-11,11,4,0.0,1025,12
1411,1411,2019-11-12,9,5,0.3,1018,8
1412,1412,2019-11-13,11,7,0.0,1020,12
1413,1413,2019-11-14,10,3,0.0,1017,12
1414,1414,2019-11-15,11,10,0.3,1016,11
1415,1415,2019-11-16,10,6,0.4,1026,11
1416,1416,2019-11-17,13,17,0.0,1018,13
1417,1417,2019-11-18,10,4,0.2,1012,11
1418,1418,2019-11-19,10,13,0.0,1010,10
1419,1419,2019-11-20,8,10,0.0,1021,9
1420,1420,2019-11-21,10,0,0.0,1015,11
1421,1421,2019-11-22,8,4,0.0,1024,10
1422,1422,2019-11-23,7,10,0.0,1025,8
1423,1423,2019-11-24,10,10,0.2,1023,10
1424,1424,2019-11-25,7,3,0.3,1019,8
1425,1425,2019-11-26,4,4,0.0,1011,5
1426,1426,2019-11-27,4,10,0.0,1006,4
1427,1427,2019-11-28,3,11,0.0,1014,4
1428,1428,2019-11-29,4,7,0.0,1011,5
1429,1429,2019-11-30,4,3,0.0,1018,6
1430,1430,2019-12-01,3,2,0.1,1016,4
1431,1431,2019-12-02,6,1,0.0,1020,7
1432,1432,2019-12-03,7,11,0.0,1019,8
1433,1433,2019-12-04,8,4,0.4,1011,8
1434,1434,2019-12-05,8,2,0.0,1016,9
1435,1435,2019-12-06,9,4,0.0,1014,10
1436,1436,2019-12-07,9,3,0.0,1008,9
1437,1437,2019-12-08,9,2,0.0,1017,9
1438,1438,2019-12-09,8,1,0.0,1022,9
1439,1439,2019-12-10,5,6,0.1,1020,6
1440,1440,2019-12-11,7,5,0.5,1016,7
1441,1441,2019-12-12,8,17,2.6,1012,8
1442,1442,2019-12-13,7,8,0.0,1018,8
1443,1443,2019-12-14,6,6,0.0,1016,6
1444,1444,2019-12-15,4,3,0.0,1021,5
1445,1445,2019-12-16,4,4,0.1,1027,4
1446,1446,2019-12-17,6,5,0.0,1021,6
1447,1447,2019-12-18,6,8,0.0,1011,6
1448,1448,2019-12-19,7,7,0.1,1009,8
1449,1449,2019-12-20,9,8,2.2,1008,9
1450,1450,2019-12-21,7,6,1.1,1006,7
1451,1451,2019-12-22,6,9,0.0,1008,6
1452,1452,2019-12-23,6,4,0.2,1016,6
1453,1453,2019-12-24,4,6,0.0,1011,5
1454,1454,2019-12-25,4,3,0.0,1015,5
1455,1455,2019-12-26,3,6,0.0,1021,4
1456,1456,2019-12-27,5,5,0.0,1021,5
1457,1457,2019-12-28,6,5,0.0,1023,6
1458,1458,2019-12-29,7,2,0.1,1018,7
1459,1459,2019-12-30,8,8,0.0,1026,8
1460,1460,2019-12-31,9,23,0.3,1013,9
1461,1461,2020-01-01,10,8,0.0,1008,10
1462,1462,2020-01-02,6,8,0.2,1019,6
1463,1463,2020-01-03,10,10,0.0,1013,10
1464,1464,2020-01-04,6,23,0.0,1024,6
1465,1465,2020-01-05,6,18,0.9,1021,6
1466,1466,2020-01-06,11,24,0.6,1018,11
1467,1467,2020-01-07,10,24,0.5,1009,11
1468,1468,2020-01-08,5,7,0.1,1010,6
1469,1469,2020-01-09,3,5,0.0,1020,3
1470,1470,2020-01-10,4,15,2.1,1009,4
1471,1471,2020-01-11,7,5,0.8,1009,7
1472,1472,2020-01-12,6,21,0.1,999,6
1473,1473,2020-01-13,-2,9,0.2,1013,-2
1474,1474,2020-01-14,-3,10,0.2,1015,-3
1475,1475,2020-01-15,0,8,0.4,1010,1
1476,1476,2020-01-16,4,12,0.0,1005,5
1477,1477,2020-01-17,2,6,0.0,1021,3
1478,1478,2020-01-18,4,12,1.0,1022,3
1479,1479,2020-01-19,6,5,0.7,1024,6
1480,1480,2020-01-20,7,4,0.2,1015,8
1481,1481,2020-01-21,7,18,0.5,1007,7
1482,1482,2020-01-22,6,10,1.2,1016,7
1483,1483,2020-01-23,11,13,0.4,1014,11
1484,1484,2020-01-24,10,19,0.3,1014,10
1485,1485,2020-01-25,10,13,0.1,1016,9
1486,1486,2020-01-26,10,19,0.1,1016,10
1487,1487,2020-01-27,8,10,0.0,1021,9
1488,1488,2020-01-28,9,10,0.1,1015,9
1489,1489,2020-01-29,8,13,1.1,1019,7
1490,1490,2020-01-30,7,8,0.0,1025,8
1491,1491,2020-01-31,12,21,1.6,1017,12
1492,1492,2020-02-01,9,8,0.1,1018,9
1493,1493,2020-02-02,5,8,0.0,1022,5
1494,1494,2020-02-03,4,4,0.0,1026,4
1495,1495,2020-02-04,3,10,0.0,1029,3
1496,1496,2020-02-05,8,12,0.5,1015,8
1497,1497,2020-02-06,9,4,0.9,1015,9
1498,1498,2020-02-07,9,12,0.2,1016,9
1499,1499,2020-02-08,7,7,0.6,1017,6
1500,1500,2020-02-09,6,5,0.0,1031,6
1501,1501,2020-02-10,6,7,0.0,1030,7
1502,1502,2020-02-11,5,12,0.0,1024,6
1503,1503,2020-02-12,9,1,0.0,1025,9
1504,1504,2020-02-13,5,14,0.6,1014,5
1505,1505,2020-02-14,7,6,0.0,1019,8
1506,1506,2020-02-15,7,17,0.5,1016,7
1507,1507,2020-02-16,6,9,0.0,1020,6
1508,1508,2020-02-17,6,4,0.0,1028,7
1509,1509,2020-02-18,7,9,0.0,1028,7
1510,1510,2020-02-19,10,4,0.0,1028,11
1511,1511,2020-02-20,9,3,0.0,1026,9
1512,1512,2020-02-21,9,5,0.0,1023,10
1513,1513,2020-02-22,8,6,0.0,1020,8
1514,1514,2020-02-23,8,22,0.1,1013,8
1515,1515,2020-02-24,7,6,0.0,1033,6
1516,1516,2020-02-25,6,3,0.2,1034,8
1517,1517,2020-02-26,9,4,0.0,1032,9
1518,1518,2020-02-27,11,4,0.0,1031,12
1519,1519,2020-02-28,9,15,0.0,1016,10
1520,1520,2020-02-29,7,10,0.1,1016,8
1521,1521,2020-03-01,6,3,0.0,1028,7
1522,1522,2020-03-02,7,11,0.1,1022,7
1523,1523,2020-03-03,10,18,0.0,1022,10
1524,1524,2020-03-04,9,8,0.0,1025,9
1525,1525,2020-03-05,10,15,0.0,1016,11
1526,1526,2020-03-06,6,5,0.1,1016,5
1527,1527,2020-03-07,7,10,0.2,1010,7
1528,1528,2020-03-08,6,2,0.0,1018,7
1529,1529,2020-03-09,9,5,0.0,1024,10
1530,1530,2020-03-10,8,13,0.0,1023,9
1531,1531,2020-03-11,7,8,0.1,1021,7
1532,1532,2020-03-12,8,3,0.0,1026,10
1533,1533,2020-03-13,5,11,0.2,1010,6
1534,1534,2020-03-14,3,17,0.0,1018,3
1535,1535,2020-03-15,3,21,0.0,1022,3
1536,1536,2020-03-16,8,13,0.0,1023,9
1537,1537,2020-03-17,8,3,0.0,1010,10
1538,1538,2020-03-18,12,4,0.0,1012,13
1539,1539,2020-03-19,13,3,0.0,1017,15
1540,1540,2020-03-20,13,6,0.0,1025,14
1541,1541,2020-03-21,13,3,0.0,1024,14
1542,1542,2020-03-22,11,9,0.0,1017,12
1543,1543,2020-03-23,9,18,0.3,1009,10
1544,1544,2020-03-24,8,8,0.3,1015,8
1545,1545,2020-03-25,8,3,0.1,1017,8
1546,1546,2020-03-26,7,14,0.1,1016,7
1547,1547,2020-03-27,7,11,0.0,1016,7
1548,1548,2020-03-28,9,17,0.1,1014,9
1549,1549,2020-03-29,10,19,0.2,1010,10
1550,1550,2020-03-30,9,26,0.2,1010,10
1551,1551,2020-03-31,9,8,0.4,1015,10
1552,1552,2020-04-01,8,6,0.3,1018,9
1553,1553,2020-04-02,8,11,0.1,1022,9
1554,1554,2020-04-03,7,14,0.1,1018,7
1555,1555,2020-04-04,8,7,0.0,1008,10
1556,1556,2020-04-05,10,12,0.0,1003,11
1557,1557,2020-04-06,13,4,0.0,1011,14
1558,1558,2020-04-07,10,6,0.0,1021,10
1559,1559,2020-04-08,12,12,0.0,1024,14
1560,1560,2020-04-09,16,9,0.0,1018,17
1561,1561,2020-04-10,17,4,0.0,1016,18
1562,1562,2020-04-11,10,3,0.1,1021,9
1563,1563,2020-04-12,13,11,0.0,1025,14
1564,1564,2020-04-13,14,6,0.0,1027,16
1565,1565,2020-04-14,15,7,0.0,1025,16
1566,1566,2020-04-15,15,12,0.0,1024,16
1567,1567,2020-04-16,20,4,0.0,1024,23
1568,1568,2020-04-17,19,4,0.0,1013,20
1569,1569,2020-04-18,13,9,0.1,1013,12
1570,1570,2020-04-19,15,6,0.0,1018,17
1571,1571,2020-04-20,17,2,0.0,1018,20
1572,1572,2020-04-21,12,9,0.0,1023,12
1573,1573,2020-04-22,11,3,1.8,1018,11
1574,1574,2020-04-23,13,7,0.5,1023,13
1575,1575,2020-04-24,16,6,0.0,1022,18
1576,1576,2020-04-25,14,19,0.3,1015,13
1577,1577,2020-04-26,16,9,0.0,1017,16
1578,1578,2020-04-27,15,19,0.0,1016,16
1579,1579,2020-04-28,15,6,0.0,1023,17
1580,1580,2020-04-29,16,8,0.0,1013,18
1581,1581,2020-04-30,14,17,0.1,1017,15
1582,1582,2020-05-01,17,7,0.0,1017,18
1583,1583,2020-05-02,12,10,4.0,1010,12
1584,1584,2020-05-03,13,15,0.3,1022,14
1585,1585,2020-05-04,16,5,0.0,1021,18
1586,1586,2020-05-05,18,6,0.0,1020,19
1587,1587,2020-05-06,14,6,0.6,1027,15
1588,1588,2020-05-07,15,14,0.0,1027,16
1589,1589,2020-05-08,23,9,0.0,1022,25
1590,1590,2020-05-09,24,9,0.0,1017,25
1591,1591,2020-05-10,24,7,0.0,1012,26
1592,1592,2020-05-11,21,6,0.0,1007,25
1593,1593,2020-05-12,14,5,0.2,1005,15
1594,1594,2020-05-13,16,12,0.1,1011,16
1595,1595,2020-05-14,15,5,0.5,1015,15
1596,1596,2020-05-15,18,7,0.0,1019,19
1597,1597,2020-05-16,16,6,0.0,1008,18
1598,1598,2020-05-17,17,13,0.1,1004,19
1599,1599,2020-05-18,18,9,0.0,1008,18
1600,1600,2020-05-19,16,6,0.0,1015,16
1601,1601,2020-05-20,15,11,0.0,1015,17
1602,1602,2020-05-21,12,6,0.2,1014,12
1603,1603,2020-05-22,14,12,0.0,1016,15
1604,1604,2020-05-23,16,3,0.0,1020,17
1605,1605,2020-05-24,20,4,0.0,1020,22
1606,1606,2020-05-25,13,8,0.3,1017,13
1607,1607,2020-05-26,17,7,0.0,1019,16
1608,1608,2020-05-27,20,11,0.0,1020,21
1609,1609,2020-05-28,21,10,0.0,1016,24
1610,1610,2020-05-29,23,8,0.0,1013,26
1611,1611,2020-05-30,16,6,0.1,1009,17
1612,1612,2020-05-31,14,8,0.0,1017,14
1613,1613,2020-06-01,18,5,0.0,1019,20
1614,1614,2020-06-02,16,9,0.0,1021,19
1615,1615,2020-06-03,18,4,0.0,1021,19
1616,1616,2020-06-04,19,4,0.0,1018,20
1617,1617,2020-06-05,18,9,0.0,1007,19
1618,1618,2020-06-06,15,7,0.7,1007,16
1619,1619,2020-06-07,14,6,0.2,1013,14
1620,1620,2020-06-08,14,9,0.1,1021,14
1621,1621,2020-06-09,13,12,0.4,1018,14
1622,1622,2020-06-10,20,8,0.0,1018,22
1623,1623,2020-06-11,18,4,0.1,1018,20
1624,1624,2020-06-12,14,10,0.0,1015,15
1625,1625,2020-06-13,14,4,0.2,1012,14
1626,1626,2020-06-14,16,12,0.0,1014,17
1627,1627,2020-06-15,14,12,0.5,1011,14
1628,1628,2020-06-16,16,3,0.3,1017,17
1629,1629,2020-06-17,20,7,0.0,1024,22
1630,1630,2020-06-18,21,8,0.0,1021,24
1631,1631,2020-06-19,24,5,0.0,1014,26
1632,1632,2020-06-20,18,14,0.1,1014,17
1633,1633,2020-06-21,19,4,0.0,1019,18
1634,1634,2020-06-22,23,7,0.0,1021,25
1635,1635,2020-06-23,24,7,0.0,1016,27
1636,1636,2020-06-24,21,7,0.0,1014,22
1637,1637,2020-06-25,25,7,0.0,1017,27
1638,1638,2020-06-26,25,4,0.0,1015,28
1639,1639,2020-06-27,14,7,0.0,1013,15
1640,1640,2020-06-28,17,13,0.0,1010,17
1641,1641,2020-06-29,21,11,0.0,1014,22
1642,1642,2020-06-30,15,13,0.1,1014,14
1643,1643,2020-07-01,17,15,0.0,1012,17
1644,1644,2020-07-02,16,15,0.0,1014,16
1645,1645,2020-07-03,16,8,0.1,1018,17
1646,1646,2020-07-04,20,5,0.0,1021,21
1647,1647,2020-07-05,23,3,0.0,1020,25
1648,1648,2020-07-06,21,6,0.0,1016,22
1649,1649,2020-07-07,16,9,0.0,1017,17
1650,1650,2020-07-08,21,7,0.0,1018,21
1651,1651,2020-07-09,18,8,0.3,1016,17
1652,1652,2020-07-10,23,7,0.0,1020,25
1653,1653,2020-07-11,21,12,0.0,1017,25
1654,1654,2020-07-12,18,9,0.0,1019,19
1655,1655,2020-07-13,21,8,0.0,1018,22
1656,1656,2020-07-14,23,9,0.0,1019,25
1657,1657,2020-07-15,25,7,0.0,1018,26
1658,1658,2020-07-16,24,7,0.0,1015,26
1659,1659,2020-07-17,18,6,0.0,1017,17
1660,1660,2020-07-18,24,8,0.0,1021,25
1661,1661,2020-07-19,25,9,0.0,1017,27
1662,1662,2020-07-20,28,9,0.0,1016,29
1663,1663,2020-07-21,26,10,0.0,1012,28
1664,1664,2020-07-22,20,3,0.2,1011,19
1665,1665,2020-07-23,19,9,0.0,1014,18
1666,1666,2020-07-24,18,6,0.0,1016,17
1667,1667,2020-07-25,22,10,0.0,1019,25
1668,1668,2020-07-26,25,13,0.0,1018,26
1669,1669,2020-07-27,32,5,0.0,1012,33
1670,1670,2020-07-28,26,8,0.0,1013,27
1671,1671,2020-07-29,28,6,0.0,1013,29
1672,1672,2020-07-30,27,11,0.0,1015,27
1673,1673,2020-07-31,26,11,0.0,1014,27
1674,1674,2020-08-01,24,6,0.0,1019,23
1675,1675,2020-08-02,25,10,0.0,1017,26
1676,1676,2020-08-03,24,8,0.0,1020,26
1677,1677,2020-08-04,25,9,0.0,1018,27
1678,1678,2020-08-05,26,6,0.0,1013,27
1679,1679,2020-08-06,17,9,0.1,1012,18
1680,1680,2020-08-07,21,9,0.0,1020,22
1681,1681,2020-08-08,18,5,0.0,1021,18
1682,1682,2020-08-09,22,11,0.0,1023,25
1683,1683,2020-08-10,25,7,0.0,1017,27
1684,1684,2020-08-11,21,12,0.0,1013,21
1685,1685,2020-08-12,19,5,0.0,1016,19
1686,1686,2020-08-13,22,2,0.0,1019,25
1687,1687,2020-08-14,23,11,0.0,1021,25
1688,1688,2020-08-15,26,12,0.0,1016,27
1689,1689,2020-08-16,33,7,0.0,1013,34
1690,1690,2020-08-17,28,9,0.0,1019,29
1691,1691,2020-08-18,25,9,0.0,1019,26
1692,1692,2020-08-19,25,6,0.0,1014,26
1693,1693,2020-08-20,21,12,0.0,1013,22
1694,1694,2020-08-21,19,17,0.2,1010,20
1695,1695,2020-08-22,21,6,0.0,1019,25
1696,1696,2020-08-23,21,11,0.0,1015,24
1697,1697,2020-08-24,22,6,0.0,1014,25
1698,1698,2020-08-25,23,7,0.0,1014,25
1699,1699,2020-08-26,23,6,0.0,1015,26
1700,1700,2020-08-27,24,7,0.0,1015,26
1701,1701,2020-08-28,25,6,0.0,1016,27
1702,1702,2020-08-29,20,5,0.0,1015,19
1703,1703,2020-08-30,21,5,0.0,1019,22
1704,1704,2020-08-31,20,8,0.0,1017,21
1705,1705,2020-09-01,23,9,0.0,1018,25
1706,1706,2020-09-02,24,8,0.0,1017,27
1707,1707,2020-09-03,24,11,0.0,1018,26
1708,1708,2020-09-04,27,6,0.0,1015,28
1709,1709,2020-09-05,22,6,0.0,1022,23
1710,1710,2020-09-06,24,10,0.0,1022,26
1711,1711,2020-09-07,23,17,0.0,1021,25
1712,1712,2020-09-08,24,10,0.0,1026,24
1713,1713,2020-09-09,27,10,0.0,1017,27
1714,1714,2020-09-10,31,4,0.0,1016,31
1715,1715,2020-09-11,25,9,0.0,1016,26
1716,1716,2020-09-12,24,6,0.0,1014,26
1717,1717,2020-09-13,21,8,0.0,1012,22
1718,1718,2020-09-14,23,3,0.0,1014,26
1719,1719,2020-09-15,25,5,0.0,1020,28
1720,1720,2020-09-16,24,8,0.0,1016,27
1721,1721,2020-09-17,23,7,0.0,1015,26
1722,1722,2020-09-18,18,11,0.3,1012,18
1723,1723,2020-09-19,18,9,0.1,1017,17
1724,1724,2020-09-20,21,3,0.0,1018,21
1725,1725,2020-09-21,21,7,0.0,1014,25
1726,1726,2020-09-22,20,10,0.0,1016,21
1727,1727,2020-09-23,15,11,4.4,1009,15
1728,1728,2020-09-24,17,22,0.2,1013,18
1729,1729,2020-09-25,16,16,2.5,1006,15
1730,1730,2020-09-26,15,18,0.2,1019,17
1731,1731,2020-09-27,18,4,0.0,1029,20
1732,1732,2020-09-28,19,10,0.0,1025,21
1733,1733,2020-09-29,23,7,0.0,1018,26
1734,1734,2020-09-30,26,5,0.0,1022,28
