,Unnamed: 0,Latitude,Longitude,Date,Fire Intensity,Brightness,dist
4261,4261,47.5659,-122.3778,2015-03-16,4.0,300.7,5.671998836555394
12469,12469,47.5685,-122.3649,2015-04-01,6.3,303.4,4.928650599223441
18317,18317,47.5673,-122.3668,2015-04-19,5.4,310.9,5.11263026894938
18374,18374,47.5694,-122.3754,2015-04-19,5.6,310.5,5.249382710777209
20402,20402,47.5672,-122.3695,2015-04-26,5.3,306.4,5.219412286748485
24724,24724,47.5727,-122.3674,2015-05-19,7.7,312.8,4.612462722307995
25822,25822,47.2368,-122.1213,2015-05-28,6.8,310.9,44.315952439324626
25857,25857,47.2335,-122.1261,2015-05-28,3.3,309.2,44.529407484940236
26039,26039,47.5703,-122.3679,2015-05-30,7.4,317.2,4.86068359729332
27224,27224,47.574,-122.3632,2015-06-09,6.1,302.0,4.328426808053526
33352,33352,46.9127,-122.7051,2015-06-22,14.8,321.8,82.22650135281997
33353,33353,46.9105,-122.7186,2015-06-22,16.1,323.6,82.80757913815798
35549,35549,47.0143,-122.6264,2015-06-23,52.0,317.3,69.59506473746558
46953,46953,47.5698,-122.37100000000001,2015-06-27,6.8,306.8,5.029134243357222
48114,48114,46.911,-122.7193,2015-06-29,27.5,333.5,82.77392344147789
49527,49527,47.0121,-122.618,2015-06-30,78.9,320.3,69.63078924953733
49548,49548,47.022,-122.5951,2015-06-30,58.3,314.8,68.06553290426316
49549,49549,47.0089,-122.6412,2015-06-30,68.5,317.0,70.52298732180574
51198,51198,47.5722,-122.3722,2015-07-04,5.9,305.7,4.856528815886865
51324,51324,47.5735,-122.3679,2015-07-04,4.6,301.1,4.557016872791377
54669,54669,47.5771,-122.3686,2015-07-06,5.2,300.1,4.255886397890341
58032,58032,47.016999999999996,-122.5997,2015-07-07,86.1,316.6,68.69850260116188
58033,58033,47.0015,-122.6096,2015-07-07,52.0,311.8,70.5662780785339
58034,58034,47.0045,-122.6006,2015-07-07,60.1,312.9,70.05016380543123
58035,58035,47.02,-122.5908,2015-07-07,68.2,314.3,68.18632199434775
58501,58501,47.011,-122.6273,2015-07-09,51.7,318.3,69.96501909106583
58511,58511,47.0035,-122.6404,2015-07-09,70.8,312.8,71.07163538199653
63082,63082,46.9131,-122.7304,2015-07-15,22.3,331.4,82.85299656526793
63083,63083,46.915,-122.7175,2015-07-15,91.9,364.7,82.30922410797449
63327,63327,47.0374,-122.6588,2015-07-17,20.9,308.4,67.99820601736366
63384,63384,47.5692,-122.3689,2015-07-17,8.1,319.6,5.004187755621516
63700,63700,46.9968,-122.6031,2015-07-20,5.0,301.2,70.925244126657
63701,63701,47.5704,-122.3704,2015-07-20,7.1,306.4,4.948663505687835
64328,64328,47.8631,-121.8138,2015-07-22,6.2,310.6,48.23084990378272
70362,70362,47.0755,-122.2828,2015-08-01,30.6,321.0,59.36269074658255
70364,70364,47.0773,-122.2477,2015-08-01,163.5,343.7,59.39808017820305
70368,70368,47.0806,-122.2533,2015-08-01,177.6,345.5,58.98764149479363
71732,71732,46.9094,-122.7116,2015-08-04,86.2,356.0,82.73936289864874
71733,71733,46.9076,-122.6964,2015-08-04,17.1,323.4,82.5414375963575
73671,73671,47.0177,-122.4496,2015-08-07,26.8,327.8,66.22507172537998
73897,73897,47.0133,-122.4509,2015-08-07,20.0,329.7,66.72314035509456
74650,74650,47.5663,-122.3699,2015-08-09,6.8,317.6,5.321351338783912
77710,77710,47.1058,-122.50399999999999,2015-08-13,16.3,318.4,57.29130810887641
85810,85810,47.0105,-122.4322,2015-08-19,63.1,325.7,66.86293859468762
88635,88635,46.9076,-122.709,2015-08-20,25.1,319.5,82.86053944559546
102938,102938,47.0776,-122.3785,2015-08-28,25.8,315.7,59.08807877730687
105825,105825,47.0122,-122.4679,2015-09-04,97.3,339.9,67.02391257593806
105826,105826,47.013999999999996,-122.4448,2015-09-04,20.5,309.7,66.58725856612537
106826,106826,47.0312,-122.6578,2015-09-08,16.4,314.8,68.61608082315794
106827,106827,47.0339,-122.67299999999999,2015-09-08,40.5,331.8,68.75146758338644
111136,111136,47.5714,-122.3682,2015-09-21,8.2,309.4,4.767140239818904
113071,113071,47.5707,-122.3612,2015-09-28,4.0,304.9,4.586841339647051
114241,114241,47.5697,-122.3645,2015-10-03,6.2,306.8,4.796152166680289
114315,114315,47.5659,-122.3752,2015-10-03,5.1,306.4,5.564341472163939
114783,114783,47.0703,-122.4804,2015-10-05,10.1,307.5,60.80326584710896
114784,114784,47.5658,-122.374,2015-10-05,4.5,303.0,5.5257211361444405
122687,122687,48.3801,-121.9893,2015-10-21,9.0,305.4,89.65474477076873
125479,125479,47.1377,-123.1469,2015-11-02,11.3,304.2,80.46938996375522
125988,125988,48.2693,-122.0996,2015-11-04,9.5,304.4,75.62025013580828
125989,125989,48.2668,-122.0855,2015-11-04,10.9,306.6,75.60156528376457
127364,127364,48.3146,-122.2643,2015-11-11,13.8,306.7,78.77059435099534
127568,127568,48.312,-122.2738,2015-11-11,10.7,305.1,78.43764612143818
129514,129514,46.7445,-122.2506,2015-11-20,11.8,306.3,96.26097572413747
139773,139773,47.5677,-122.3721,2016-02-08,7.1,303.7,5.270974513017349
168246,168246,46.9867,-122.6966,2016-04-07,4.1,302.6,74.29217358011643
174671,174671,47.5738,-122.3671,2016-04-19,5.6,301.7,4.49668382280829
175018,175018,47.5681,-122.369,2016-04-19,7.2,318.4,5.113849808197076
177371,177371,47.5673,-122.3671,2016-04-30,6.2,313.5,5.123115630158056
177432,177432,47.5689,-122.3736,2016-04-30,7.3,313.0,5.219197566217442
180045,180045,47.8984,-123.3137,2016-05-12,4.1,301.3,79.98787689954231
180059,180059,48.2901,-121.9749,2016-05-13,90.8,315.7,80.47590183628449
180060,180060,48.2925,-121.9707,2016-05-13,84.0,314.4,80.83197115524537
180061,180061,48.2876,-121.9648,2016-05-13,37.7,303.4,80.46891958904055
180062,180062,48.3019,-121.97200000000001,2016-05-13,42.6,305.1,81.78462622842588
180324,180324,47.8219,-121.6444,2016-05-14,377.9,414.3,56.9066721566916
180325,180325,47.8242,-121.6306,2016-05-14,780.5,450.9,57.9510704288822
180326,180326,47.8264,-121.617,2016-05-14,46.7,340.3,58.97791240868375
180327,180327,47.8153,-121.6269,2016-05-14,9.0,309.0,57.80531003668056
180330,180330,47.5706,-122.3746,2016-05-14,5.0,300.5,5.105724529124754
180333,180333,47.8215,-121.6052,2016-05-14,9.7,303.6,59.566667019686264
180334,180334,47.8233,-121.6217,2016-05-14,107.2,355.7,58.5170935878603
180335,180335,47.8251,-121.6385,2016-05-14,107.1,355.7,57.45528615193639
180336,180336,47.8333,-121.62,2016-05-14,22.9,317.4,59.09152866307839
180337,180337,47.8351,-121.637,2016-05-14,58.6,338.3,58.02805510035806
182753,182753,47.5701,-122.369,2016-05-30,7.4,317.1,4.921938182327329
183454,183454,47.5688,-122.3668,2016-06-03,8.0,318.6,4.965435646154455
184005,184005,47.5685,-122.3753,2016-06-06,4.8,304.3,5.327369792491228
184398,184398,46.905,-122.7202,2016-06-07,45.7,312.9,83.42355387685478
185186,185186,47.5695,-122.3655,2016-06-10,7.8,316.3,4.850668172742912
186163,186163,47.5694,-122.3733,2016-06-15,8.1,318.1,5.160412603262694
187307,187307,47.5705,-122.3659,2016-06-19,7.6,315.7,4.767152989124674
187434,187434,47.8593,-121.9868,2016-06-19,7.4,307.7,38.215663450593745
190107,190107,47.5675,-122.3725,2016-06-29,5.4,302.9,5.305693802064166
196056,196056,47.5718,-122.374,2016-07-17,6.4,302.0,4.971002629292413
197862,197862,46.8924,-122.7344,2016-07-21,20.6,320.1,85.11355541375504
198809,198809,47.5668,-122.37200000000001,2016-07-24,4.7,300.0,5.352529249459847
199435,199435,47.0823,-122.59200000000001,2016-07-25,44.8,310.9,61.59540774177888
199510,199510,47.0145,-122.5877,2016-07-25,45.8,315.8,68.70845867775867
200908,200908,47.8241,-123.4106,2016-07-29,5.1,300.1,83.99266141793214
201060,201060,47.8312,-123.4214,2016-07-29,32.4,320.1,84.98937313298445
201149,201149,47.8243,-123.4285,2016-07-29,29.4,325.3,85.28315617927396
201150,201150,47.8259,-123.4126,2016-07-29,42.9,332.4,84.19215824434018
202773,202773,47.0074,-122.48299999999999,2016-08-01,66.8,322.3,67.73007008436687
202774,202774,46.9988,-122.4826,2016-08-01,31.5,313.3,68.66903143642351
202890,202890,47.5673,-122.3716,2016-08-02,6.4,302.6,5.289400882228072
203079,203079,47.0831,-122.5598,2016-08-02,30.2,331.1,60.79089363661437
207218,207218,47.574,-122.3683,2016-08-16,7.4,306.2,4.526665466174713
207247,207247,47.5759,-122.36200000000001,2016-08-16,6.6,302.3,4.100026040361496
208706,208706,47.9609,-123.4484,2016-08-18,14.3,319.3,91.99340544823364
208877,208877,46.9855,-122.8118,2016-08-19,16.6,309.0,78.02041664706303
208878,208878,47.9667,-123.4494,2016-08-19,6.8,300.2,92.33369945874763
209278,209278,47.8158,-123.3908,2016-08-20,10.3,302.0,82.31606814703197
209279,209279,47.8107,-123.4149,2016-08-20,45.7,324.4,83.8982848424716
209280,209280,47.8218,-123.4185,2016-08-20,19.9,309.6,84.48865702885114
209304,209304,47.8232,-123.4093,2016-08-20,25.6,305.9,83.87149363784768
209405,209405,47.8139,-123.4074,2016-08-20,110.1,314.1,83.45233426565422
209406,209406,47.8013,-123.3649,2016-08-20,64.5,305.7,80.01949049364055
209427,209427,47.8187,-123.4091,2016-08-20,19.9,325.7,83.71899729558422
209428,209428,47.8098,-123.4124,2016-08-20,17.8,323.4,83.69184242072248
209429,209429,47.8078,-123.3977,2016-08-20,132.7,373.9,82.57378670837689
209620,209620,47.8207,-123.4128,2016-08-20,45.9,338.2,84.0457201072694
209621,209621,47.8049,-123.3881,2016-08-20,16.1,319.4,81.79716820773976
209622,209622,47.8017,-123.406,2016-08-20,49.7,339.8,82.99808678104631
209623,209623,47.8111,-123.4099,2016-08-20,40.1,335.3,83.5496114829262
209741,209741,47.8055,-123.4026,2016-08-21,16.2,313.6,82.86057438102203
209742,209742,47.8151,-123.4052,2016-08-21,8.5,304.9,83.32992455303831
209743,209743,47.806999999999995,-123.3885,2016-08-21,9.1,305.1,81.88730668647283
209758,209758,47.8073,-123.4024,2016-08-21,10.6,309.3,82.89811919068131
209913,209913,47.8071,-123.4042,2016-08-21,21.0,307.5,83.02215619822539
209914,209914,47.8022,-123.3835,2016-08-21,28.5,311.3,81.38723465162798
209915,209915,47.8004,-123.3881,2016-08-21,35.9,314.6,81.66787420384746
211278,211278,47.7637,-123.4951,2016-08-22,14.4,306.0,88.56364226948865
211279,211279,47.7673,-123.4778,2016-08-22,18.9,309.4,87.37105854609041
211457,211457,47.5729,-122.366,2016-08-23,5.5,300.5,4.539126274164715
211498,211498,47.5717,-122.3669,2016-08-23,5.9,300.1,4.688400583225036
211742,211742,47.7637,-123.4712,2016-08-23,8.1,302.9,86.80932554411812
211743,211743,47.066,-122.5027,2016-08-23,27.4,317.5,61.596401439787456
211990,211990,47.7622,-123.4827,2016-08-23,41.4,334.9,87.62167941359421
211991,211991,47.8028,-123.4036,2016-08-23,10.5,311.4,82.85571021208966
211992,211992,47.7637,-123.4897,2016-08-23,27.2,325.7,88.16714573320355
211993,211993,47.7657,-123.4715,2016-08-23,16.0,316.7,86.87437590531155
212088,212088,47.7928,-123.3939,2016-08-24,224.9,336.0,81.87622102898227
212089,212089,47.7835,-123.4373,2016-08-24,39.6,301.7,84.787927774768
212090,212090,47.7972,-123.3862,2016-08-24,259.2,339.9,81.44027537550588
212108,212108,47.788999999999994,-123.3734,2016-08-24,647.9,376.3,80.28744581597881
212109,212109,47.7876,-123.4037,2016-08-24,325.1,352.9,82.44836281028496
212110,212110,47.8034,-123.37700000000001,2016-08-24,341.6,354.3,80.95312370522248
212111,212111,47.8021,-123.4063,2016-08-24,234.9,343.2,83.03103146663341
212112,212112,47.7908,-123.3804,2016-08-24,918.2,389.8,80.84363687186561
212113,212113,47.7896,-123.4097,2016-08-24,193.6,337.8,82.93660901361415
212114,212114,47.8052,-123.3833,2016-08-24,195.7,337.7,81.45983102620863
212115,212115,47.803999999999995,-123.4116,2016-08-24,79.4,316.7,83.46768034941226
212125,212125,47.8021,-123.3967,2016-08-24,73.0,302.2,82.33739736005987
212126,212126,47.8023,-123.402,2016-08-24,64.0,300.4,82.72594890514003
212175,212175,47.7955,-123.3492,2016-08-24,28.4,306.9,78.71888913308443
212176,212176,47.8019,-123.3773,2016-08-24,151.4,344.2,80.9312187279544
212177,212177,47.8026,-123.3696,2016-08-24,52.0,318.1,80.39628330054471
212178,212178,47.7954,-123.3958,2016-08-24,122.0,338.8,82.08493694090825
212179,212179,47.7903,-123.3739,2016-08-24,248.1,359.7,80.35910223909544
212180,212180,47.8069,-123.3989,2016-08-24,46.6,316.6,82.63409920479342
212181,212181,47.7838,-123.3561,2016-08-24,41.9,314.1,78.89277410737282
212182,212182,47.7893,-123.3799,2016-08-24,167.4,347.2,80.76668604497301
212183,212183,47.7943,-123.4014,2016-08-24,22.9,304.4,82.46043993460255
212312,212312,47.7971,-123.4002,2016-08-24,33.2,320.1,82.45031679439103
212313,212313,47.8034,-123.4073,2016-08-24,10.5,305.9,83.14002170713296
212314,212314,47.8009,-123.376,2016-08-24,48.0,324.3,80.80855521336916
212315,212315,47.7893,-123.3816,2016-08-24,353.9,379.5,80.88992282378061
212316,212316,47.7872,-123.3551,2016-08-24,171.3,355.7,78.91249973199406
212317,212317,47.7733,-123.4844,2016-08-24,32.9,317.7,87.98718745727037
212318,212318,47.7616,-123.488,2016-08-24,18.8,310.5,87.99840001565843
212319,212319,47.7949,-123.3702,2016-08-24,130.7,348.2,80.21886650515829
212484,212484,47.7688,-123.4907,2016-08-24,12.8,303.0,88.34949211337802
212485,212485,47.7893,-123.4072,2016-08-24,27.3,311.0,82.74719547619287
212486,212486,47.7885,-123.3593,2016-08-24,152.0,342.1,79.25233879547125
212487,212487,47.7799,-123.3949,2016-08-24,283.4,359.7,81.61018382800891
212488,212488,47.7928,-123.3998,2016-08-24,35.8,313.4,82.30380684151378
212504,212504,47.7789,-123.3164,2016-08-24,53.3,310.4,75.88198478056114
212505,212505,47.7805,-123.3225,2016-08-24,92.9,316.5,76.36761399710203
212506,212506,47.7778,-123.37100000000001,2016-08-24,583.1,356.2,79.81771243872302
212507,212507,47.7797,-123.3745,2016-08-24,568.7,355.4,80.12106036063992
212602,212602,47.785,-123.3405,2016-08-25,9.8,306.2,77.79471214389696
212603,212603,47.7827,-123.3546,2016-08-25,340.6,408.5,78.75449296560076
212604,212604,47.7803,-123.3693,2016-08-25,48.3,339.9,79.75860583865139
212605,212605,47.7737,-123.3511,2016-08-25,17.5,316.7,78.26521507839232
212612,212612,47.7833,-123.3595,2016-08-25,76.2,343.7,79.12602768011749
212613,212613,47.7852,-123.3779,2016-08-25,8.9,300.8,80.51184877923326
212614,212614,47.7814,-123.3415,2016-08-25,76.7,344.0,77.76939481360874
212806,212806,47.7774,-123.3643,2016-08-25,287.5,400.1,79.32013985774887
212809,212809,47.7867,-123.3616,2016-08-25,31.0,332.3,79.36982594467538
212810,212810,47.8263,-123.4212,2016-08-25,9.0,313.5,84.8211067259446
212811,212811,47.8008,-123.3868,2016-08-25,18.4,322.6,81.58536224250749
212813,212813,47.7891,-123.3756,2016-08-25,15.9,320.9,80.44959767385501
212815,212815,47.775,-123.3507,2016-08-25,189.0,383.4,78.26937475612161
212816,212816,47.7798,-123.3779,2016-08-25,29.8,331.9,80.37086271513823
212969,212969,47.782,-123.3863,2016-08-25,51.2,347.0,81.03831574401164
212970,212970,47.7979,-123.4049,2016-08-25,25.4,332.2,82.81259271383978
212971,212971,47.8242,-123.42,2016-08-25,8.0,312.4,84.6700070742053
212972,212972,47.7767,-123.3575,2016-08-25,107.3,368.6,78.8076280360706
212973,212973,47.8224,-123.4329,2016-08-25,12.3,317.7,85.54138954072504
212974,212974,47.7838,-123.3733,2016-08-25,50.0,346.5,80.14088264772332
212975,212975,47.7749,-123.3706,2016-08-25,91.7,363.6,79.71498364507819
213039,213039,47.7784,-123.369,2016-08-26,17.2,302.2,79.68764944379613
213322,213322,47.6417,-123.421,2016-08-27,8.1,300.9,81.48705928054248
213325,213325,47.638000000000005,-123.4394,2016-08-27,8.4,301.3,82.85032008146489
213326,213326,47.5706,-122.3717,2016-08-27,6.7,303.2,4.982834256580485
213442,213442,47.7602,-123.4845,2016-08-27,8.2,310.4,87.71227414339657
213445,213445,47.7672,-123.4688,2016-08-27,9.9,312.7,86.70910277380455
213601,213601,47.7688,-123.4645,2016-08-27,22.6,323.7,86.42932897849505
213602,213602,47.7666,-123.4773,2016-08-27,7.0,306.9,87.31920020978635
214686,214686,46.9878,-123.1226,2016-08-30,55.8,342.9,91.0342216926886
214687,214687,46.9819,-123.1139,2016-08-30,29.5,326.6,91.11013799820289
214696,214696,46.9801,-123.1282,2016-08-30,33.6,329.6,91.96200105880786
214697,214697,46.986000000000004,-123.1368,2016-08-30,7.3,301.4,91.88803531660291
218383,218383,47.5739,-122.3686,2016-09-10,7.3,312.6,4.548337564833686
219150,219150,46.8698,-123.0438,2016-09-12,24.0,329.1,98.00984184250483
219151,219151,46.861000000000004,-123.0466,2016-09-12,19.4,324.2,98.9483797669
219372,219372,47.5699,-122.3721,2016-09-12,6.4,312.1,5.064405836677302
219901,219901,46.9044,-122.7272,2016-09-14,51.6,345.2,83.67162052033436
219902,219902,46.9026,-122.7133,2016-09-14,10.5,318.2,83.49453028756874
220472,220472,46.8708,-123.0589,2016-09-15,16.7,317.8,98.54420311000442
220475,220475,46.8645,-123.0505,2016-09-15,27.2,323.7,98.78149922587866
221632,221632,47.5672,-122.3741,2016-09-19,6.5,310.4,5.398059714709474
222354,222354,48.1164,-122.3182,2016-09-21,13.0,313.7,56.5619746709939
222462,222462,48.1179,-122.3248,2016-09-21,12.5,311.3,56.71992208267408
222464,222464,47.7845,-121.2809,2016-09-21,10.4,307.5,81.33099996593383
223798,223798,47.5708,-122.3675,2016-09-26,5.3,311.9,4.797522766138494
229106,229106,47.5707,-122.376,2016-10-10,5.1,302.9,5.158328155164361
230076,230076,46.8778,-122.4786,2016-10-12,6.8,300.6,81.94041630335613
230077,230077,47.2456,-121.3252,2016-10-12,28.0,316.4,86.0284615659347
230080,230080,47.248999999999995,-121.3425,2016-10-12,65.6,337.3,84.69954954461541
230518,230518,47.2417,-121.3344,2016-10-12,16.1,312.3,85.62551710264796
230519,230519,47.24,-121.3483,2016-10-12,92.5,357.1,84.79916499894104
230520,230520,47.2383,-121.3624,2016-10-12,8.4,302.6,83.96495385304954
230534,230534,46.8734,-122.4856,2016-10-12,4.4,300.1,82.49674211784382
230536,230536,47.0586,-121.6087,2016-10-12,6.4,300.0,82.05815938755782
235092,235092,47.159,-121.8958,2016-10-28,14.2,308.5,59.91053101515833
235093,235093,47.1572,-121.8856,2016-10-28,8.6,301.4,60.50435010652632
235104,235104,47.5717,-122.3689,2016-10-28,5.4,300.5,4.766332754698871
235291,235291,47.549,-122.3289,2016-10-28,4.4,303.1,6.5808279602488255
235293,235293,47.5708,-122.3775,2016-10-28,3.8,300.6,5.217103798524808
238158,238158,47.5717,-122.3705,2016-11-06,4.8,300.7,4.831128750223491
247603,247603,47.9473,-122.8728,2017-01-04,14.2,305.8,55.12861232406335
260080,260080,47.5681,-122.3722,2017-02-17,5.1,300.5,5.237147744697317
263843,263843,47.5704,-122.3681,2017-02-28,7.5,302.3,4.858698318134646
273282,273282,47.5673,-122.3741,2017-03-19,5.6,303.0,5.388707433871286
293380,293380,47.5665,-122.3696,2017-05-10,6.3,312.4,5.290939055570649
293576,293576,47.5672,-122.3708,2017-05-10,7.3,317.1,5.2682224684584895
296324,296324,47.5714,-122.3655,2017-05-29,6.1,300.3,4.665062824622026
297402,297402,47.5679,-122.3661,2017-06-06,8.1,318.8,5.02915985029537
298884,298884,47.5719,-122.3664,2017-06-11,9.4,318.8,4.650235966496745
304701,304701,47.5704,-122.3657,2017-07-02,5.5,301.4,4.769669472748405
304952,304952,47.6463,-123.1455,2017-07-02,4.1,304.4,60.894297049685285
308425,308425,47.5738,-122.3718,2017-07-09,6.3,303.4,4.693999552401511
310500,310500,47.318999999999996,-123.0164,2017-07-11,2.6,304.5,60.478273163197926
312952,312952,47.5966,-121.8528,2017-07-15,39.8,333.3,36.19936382411445
312953,312953,47.5937,-121.8686,2017-07-15,70.3,347.3,35.029281585924856
312954,312954,47.5842,-121.8647,2017-07-15,8.1,309.9,35.38805608681241
313792,313792,47.5766,-122.3663,2017-07-18,6.4,300.7,4.20268429430289
313956,313956,47.0201,-122.4737,2017-07-18,19.3,320.5,66.22265775490364
317600,317600,47.5713,-122.3679,2017-07-24,9.1,319.0,4.76501057324963
317601,317601,46.9958,-122.5972,2017-07-24,37.7,338.0,70.90659400359344
317816,317816,47.2417,-122.9588,2017-07-25,5.9,302.5,62.149565397817675
317845,317845,47.5727,-122.3663,2017-07-25,5.8,301.6,4.5697444324608165
318211,318211,46.8724,-123.03,2017-07-26,20.5,315.3,97.20050528310588
318324,318324,46.8638,-123.0606,2017-07-26,29.7,313.6,99.26580370075479
318327,318327,46.8678,-123.0556,2017-07-26,32.1,314.9,98.6852862470491
318560,318560,47.8961,-123.1677,2017-07-27,5.2,305.3,70.0220725772149
318825,318825,47.0149,-122.5935,2017-07-28,58.0,311.4,68.7882876336845
319219,319219,47.5705,-122.37299999999999,2017-07-29,9.2,321.8,5.046326592186156
320356,320356,47.0118,-122.4675,2017-07-31,29.7,335.6,67.06341560876592
320358,320358,47.5699,-122.3639,2017-07-31,6.6,318.7,4.755825766402453
320864,320864,47.5741,-122.3708,2017-08-01,6.0,302.2,4.623209684937544
320875,320875,47.5704,-122.3627,2017-08-01,5.2,300.7,4.665770306465485
323235,323235,47.5734,-122.3709,2017-08-05,6.9,305.5,4.691246090100404
323708,323708,47.5683,-122.3726,2017-08-05,6.9,317.9,5.234338059792407
324602,324602,47.0123,-121.9189,2017-08-08,6.6,301.3,73.32152736937797
324655,324655,47.0192,-121.9131,2017-08-08,9.8,306.6,72.81792138143359
324656,324656,47.5757,-122.3629,2017-08-08,5.8,301.2,4.152829245832364
325132,325132,47.5726,-122.3664,2017-08-09,8.9,318.6,4.583140144769458
326541,326541,47.5672,-122.3724,2017-08-12,5.1,301.6,5.3301329258780585
326905,326905,47.1544,-122.3429,2017-08-12,8.3,318.2,50.45865962291406
327615,327615,46.9028,-122.7449,2017-08-15,91.6,336.7,84.31923224363803
327616,327616,46.9067,-122.7262,2017-08-15,76.0,331.7,83.40540507795643
327617,327617,46.9049,-122.7527,2017-08-15,49.9,324.4,84.32009568205956
332483,332483,47.5652,-122.3703,2017-08-21,8.5,318.8,5.442843979490083
332953,332953,47.3812,-121.05,2017-08-22,47.3,310.7,99.82398055441975
333121,333121,46.9647,-121.4171,2017-08-22,138.5,332.4,99.58981468980727
333123,333123,47.3801,-121.0665,2017-08-22,42.9,316.0,98.65707596620558
333126,333126,47.365,-121.0674,2017-08-22,28.9,313.6,99.05001868850343
333130,333130,47.3829,-121.0633,2017-08-22,74.9,323.7,98.80766573088898
333133,333133,46.9654,-121.4125,2017-08-22,270.6,348.8,99.77540298781119
334323,334323,47.3589,-121.0634,2017-08-24,46.6,319.3,99.53136799662741
334840,334840,47.3836,-121.0491,2017-08-26,14.2,309.7,99.82020140065667
335060,335060,47.3714,-121.0519,2017-08-26,75.4,332.5,99.97592468656563
335062,335062,47.3794,-121.0542,2017-08-26,57.7,326.2,99.5711599866997
335065,335065,47.3832,-121.0469,2017-08-26,36.4,317.8,99.99175851317665
335400,335400,46.9631,-121.4125,2017-08-26,24.8,322.4,99.95988033557632
335405,335405,47.3608,-121.0598,2017-08-26,22.2,320.6,99.73116273935072
335406,335406,47.3716,-121.0608,2017-08-26,195.7,370.3,99.32470306349992
335407,335407,47.3773,-121.0498,2017-08-26,110.5,352.2,99.95247814643537
335568,335568,47.3671,-121.0555,2017-08-27,51.6,313.7,99.84601109222712
335570,335570,47.3794,-121.066,2017-08-27,67.3,318.2,98.71403139336492
335572,335572,47.3718,-121.0666,2017-08-27,93.9,324.5,98.89832403413371
335612,335612,47.3866,-121.0472,2017-08-27,49.4,304.2,99.87297655709796
335853,335853,47.3847,-121.0556,2017-08-27,62.8,341.1,99.31568328805304
335861,335861,47.3743,-121.0578,2017-08-27,24.9,324.0,99.46085869839675
336248,336248,47.3797,-121.0653,2017-08-27,35.5,321.6,98.75601459236634
336251,336251,47.3688,-121.0579,2017-08-27,251.5,369.1,99.6200916924135
336264,336264,47.3574,-121.0716,2017-08-27,43.6,328.9,98.9876695208798
336706,336706,47.3716,-121.0577,2017-08-28,18.7,321.4,99.54939704424191
336708,336708,47.3823,-121.0476,2017-08-28,52.0,344.8,99.96672128945129
336709,336709,47.3804,-121.0606,2017-08-28,25.5,327.6,99.07685170340376
336710,336710,47.3912,-121.0504,2017-08-28,6.0,304.6,99.5106277876306
336760,336760,47.3864,-121.0537,2017-08-28,9.8,307.4,99.40536984139445
337168,337168,47.3362,-121.0707,2017-08-28,11.7,315.5,99.76008696811047
337803,337803,47.3409,-121.0684,2017-08-28,29.5,332.8,99.76390605090975
337805,337805,46.9696,-121.4145,2017-08-28,302.6,404.9,99.33377749562831
337809,337809,46.9713,-121.4005,2017-08-28,465.9,424.0,99.94032092804363
337815,337815,46.9477,-121.4378,2017-08-28,6.8,318.1,99.89924234241029
337820,337820,47.3612,-121.0591,2017-08-28,45.7,342.4,99.76913828816903
337831,337831,47.38,-121.0631,2017-08-28,34.0,334.8,98.90697283052401
337832,337832,47.3816,-121.0493,2017-08-28,50.1,343.2,99.86329465718204
337948,337948,46.9446,-121.4529,2017-08-29,71.3,309.8,99.38745511297607
337949,337949,46.9629,-121.4146,2017-08-29,52.3,307.0,99.86567406165067
338114,338114,47.3648,-121.06,2017-08-29,52.0,315.0,99.59143982862489
338117,338117,46.9811,-121.3862,2017-08-29,42.6,315.1,99.93611915560614
338126,338126,46.9751,-121.3942,2017-08-29,44.5,314.7,99.97637164540654
338226,338226,46.9632,-121.4256,2017-08-29,39.3,318.0,99.26599193278476
338227,338227,46.9804,-121.3889,2017-08-29,24.4,310.9,99.84507780360333
338229,338229,46.9581,-121.4331,2017-08-29,45.7,321.2,99.29011662739669
338243,338243,46.9518,-121.4317,2017-08-29,32.6,316.1,99.87628352244808
338336,338336,46.9896,-121.3854,2017-08-29,788.9,405.7,99.31813169573896
338338,338338,47.0002,-121.3583,2017-08-29,966.4,414.7,99.99636235578437
338339,338339,47.001999999999995,-121.3833,2017-08-29,141.6,347.4,98.47725204366344
338343,338343,47.3404,-121.072,2017-08-29,27.1,319.5,99.52262278811868
338353,338353,47.3677,-121.0603,2017-08-29,231.6,362.2,99.48004339855095
338355,338355,47.3651,-121.0695,2017-08-29,140.8,348.7,98.89505185331285
338370,338370,46.9539,-121.4462,2017-08-29,42.2,323.4,98.95992181809599
338371,338371,46.9645,-121.4193,2017-08-29,122.5,344.9,99.49053290286025
338375,338375,46.9556,-121.44,2017-08-29,126.9,345.0,99.13839744136924
338376,338376,46.9663,-121.4133,2017-08-29,142.2,349.6,99.66116961639986
338377,338377,46.9789,-121.4132,2017-08-29,213.3,359.1,98.66178479789659
338378,338378,47.0037,-121.4077,2017-08-29,526.4,388.8,97.01189476069594
338683,338683,47.001999999999995,-121.3679,2017-08-29,842.4,363.2,99.32718552287692
338684,338684,46.9862,-121.38,2017-08-29,2317.3,400.2,99.8755306717867
338689,338689,47.0022,-121.3718,2017-08-29,715.4,357.8,99.09611637311153
338690,338690,46.9862,-121.3832,2017-08-29,2312.4,400.2,99.70153258372824
338697,338697,46.9722,-121.405,2017-08-29,1968.0,393.9,99.6295710000959
338698,338698,47.0036,-121.4367,2017-08-29,135.1,320.4,95.45472593029297
338699,338699,46.9877,-121.4523,2017-08-29,392.2,342.8,95.89463143830407
338700,338700,46.9714,-121.4626,2017-08-29,99.7,317.7,96.68351766884597
338872,338872,46.9713,-121.4189,2017-08-29,1430.2,411.5,98.96576522320056
338873,338873,46.9739,-121.4283,2017-08-29,388.9,362.8,98.2627748792615
338879,338879,46.9965,-121.4004,2017-08-29,283.7,352.9,97.96740609495016
338886,338886,46.9494,-121.4447,2017-08-29,542.9,373.6,99.40688803656188
338889,338889,47.001000000000005,-121.3624,2017-08-29,415.3,364.4,99.70805109315769
338910,338910,47.3321,-121.0783,2017-08-29,79.9,328.0,99.35913250414697
338918,338918,47.3674,-121.0563,2017-08-29,75.8,326.7,99.77887042537783
339080,339080,46.9993,-121.3734,2017-08-29,487.0,358.0,99.22893340348885
339081,339081,46.998000000000005,-121.4249,2017-08-29,166.4,331.5,96.52795517230653
339082,339082,46.9883,-121.4146,2017-08-29,1324.5,393.5,97.84365871569236
339083,339083,46.9722,-121.415,2017-08-29,4626.0,452.2,99.09963051493305
339084,339084,47.006,-121.3643,2017-08-29,106.5,323.1,99.22395798208478
339088,339088,46.982,-121.4225,2017-08-29,2173.2,414.0,97.9215716124214
339092,339092,46.9473,-121.4556,2017-08-29,64.7,318.8,99.02687668550358
339530,339530,47.5709,-122.3719,2017-08-30,6.3,300.4,4.96330986782306
339583,339583,46.983999999999995,-121.4093,2017-08-30,29.6,326.4,98.46635814364193
339588,339588,46.9963,-121.3967,2017-08-30,18.2,316.3,98.18395441419884
339589,339589,47.0057,-121.4005,2017-08-30,12.6,310.1,97.24982833834498
339590,339590,46.9988,-121.3827,2017-08-30,28.8,325.7,98.75571126527167
339591,339591,47.3614,-121.0562,2017-08-30,16.5,315.8,99.97243854592406
339592,339592,47.0013,-121.3684,2017-08-30,27.7,325.0,99.35271306463405
339603,339603,46.9747,-121.4047,2017-08-30,21.2,321.7,99.44718692326786
339612,339612,47.3342,-121.0725,2017-08-30,13.7,314.2,99.70057726867506
339613,339613,47.004,-121.3535,2017-08-30,32.6,327.9,99.97693444141149
339624,339624,47.1257,-122.1252,2017-08-30,13.0,307.4,55.93093961875818
339628,339628,46.9893,-121.3796,2017-08-30,62.5,345.1,99.65736198250926
339630,339630,46.9867,-121.3942,2017-08-30,42.5,334.9,99.06652476092606
339774,339774,46.985,-121.3903,2017-08-30,36.4,326.1,99.41005508271263
340111,340111,47.3329,-121.0697,2017-08-30,14.7,319.9,99.94634560264308
340631,340631,46.9207,-122.7032,2017-08-30,9.6,314.5,81.34030186409171
340632,340632,46.9094,-122.7136,2017-08-30,7.1,311.9,82.791336130228
340633,340633,46.9901,-121.3769,2017-08-30,74.7,359.7,99.74303449341024
340635,340635,47.3816,-121.0519,2017-08-30,13.7,322.3,99.67423087510372
340639,340639,47.3319,-121.0701,2017-08-30,352.2,415.5,99.95269576338984
342116,342116,46.9948,-121.4023,2017-08-31,52.8,320.7,97.9966434279725
343378,343378,47.5718,-122.3688,2017-09-01,7.4,315.2,4.752922829398824
344523,344523,47.3491,-121.0622,2017-09-01,35.0,336.5,99.93520959825335
344541,344541,46.9852,-121.4107,2017-09-01,13.2,317.4,98.29680752989948
344590,344590,47.3795,-121.0584,2017-09-01,9.3,316.5,99.26308382154104
345345,345345,47.0005,-121.3705,2017-09-02,8.3,303.1,99.29746397300626
346970,346970,47.0042,-121.3655,2017-09-02,37.9,326.5,99.29341713723352
346972,346972,47.0028,-121.3729,2017-09-02,38.7,326.1,98.98960524009809
346988,346988,47.3196,-121.079,2017-09-02,495.1,395.8,99.75811133185701
346990,346990,47.3312,-121.0813,2017-09-02,324.2,380.1,99.17642678504706
347700,347700,47.3275,-121.0719,2017-09-03,31.6,311.9,99.97933886616009
349022,349022,46.958999999999996,-121.4391,2017-09-03,15.9,318.3,98.90684627666137
349038,349038,46.9573,-121.42399999999999,2017-09-03,16.4,320.1,99.826905372913
350153,350153,46.9499,-121.4402,2017-09-03,27.0,321.5,99.59563390130823
350169,350169,47.0094,-121.3814,2017-09-03,66.6,337.1,98.01713482325628
350170,350170,47.0136,-121.3611,2017-09-03,61.4,335.8,98.83080128363201
350174,350174,46.9985,-121.3773,2017-09-03,567.0,405.9,99.075365103643
351745,351745,46.9838,-121.4251,2017-09-04,9.2,307.7,97.64048506430939
351746,351746,46.9856,-121.4119,2017-09-04,9.4,308.8,98.20105201950601
351771,351771,47.0069,-121.3911,2017-09-04,6.4,305.1,97.6729243467201
351827,351827,47.3257,-121.0771,2017-09-04,96.1,363.6,99.6723861470506
352294,352294,46.9882,-121.4168,2017-09-04,8.8,307.5,97.73384564256665
352295,352295,46.9704,-121.42200000000001,2017-09-04,7.6,305.8,98.87473359278465
352302,352302,47.3286,-121.0736,2017-09-04,50.7,344.6,99.8188066988691
353407,353407,46.9931,-121.4006,2017-09-04,16.3,314.9,98.22114130348459
353408,353408,47.1729,-121.4097,2017-09-04,26.5,320.1,84.84600364517361
354399,354399,46.9481,-121.4397,2017-09-04,74.2,351.9,99.76920312624385
354400,354400,46.9596,-121.4258,2017-09-04,18.3,326.4,99.54689219962712
354401,354401,46.9578,-121.4419,2017-09-04,96.4,358.9,98.8606714302998
354403,354403,46.9561,-121.4574,2017-09-04,14.8,322.0,98.20730567448031
354404,354404,46.9694,-121.4275,2017-09-04,80.5,354.7,98.66655428758966
354405,354405,46.9675,-121.4439,2017-09-04,373.0,407.0,97.966275975936
354426,354426,46.9808,-121.4379,2017-09-04,21.8,324.4,97.20457269057438
354427,354427,47.333,-121.0766,2017-09-04,25.9,327.0,99.44910060979231
354451,354451,47.0089,-121.3626,2017-09-04,27.0,328.0,99.09993893868425
354452,354452,47.0107,-121.3462,2017-09-04,68.4,347.9,99.88460776198994
354453,354453,46.9975,-121.3757,2017-09-04,14.7,319.1,99.23997382596178
354456,354456,47.1747,-121.4279,2017-09-04,35.5,333.0,83.60748916938827
354465,354465,47.1765,-121.4115,2017-09-04,10.0,315.5,84.50469589976346
354466,354466,46.9791,-121.4298,2017-09-04,90.6,357.5,97.76701771808969
354497,354497,46.9809,-121.4135,2017-09-04,42.7,339.1,98.4872300274996
354757,354757,47.0152,-121.3861,2017-09-05,82.5,319.0,97.31618301700998
354758,354758,47.0187,-121.3821,2017-09-05,111.9,323.1,97.27374379518466
354759,354759,47.0038,-121.3758,2017-09-05,51.0,311.4,98.75312993572518
354786,354786,47.0208,-121.4875,2017-09-05,256.1,341.7,91.39000169733362
354787,354787,47.032,-121.4463,2017-09-05,487.0,360.0,92.71915778055694
354788,354788,46.9925,-121.5296,2017-09-05,219.2,338.6,91.53916197983571
354789,354789,47.0068,-121.4776,2017-09-05,2312.8,421.3,93.03266511267194
354790,354790,47.0174,-121.4389,2017-09-05,2450.8,424.4,94.25459253787163
354791,354791,46.9796,-121.5157,2017-09-05,446.3,358.2,93.31338828672386
354792,354792,46.9931,-121.4667,2017-09-05,3797.0,446.3,94.70651062212971
354793,354793,47.0039,-121.4271,2017-09-05,3167.2,437.1,95.946565659752
354794,354794,46.9657,-121.5053,2017-09-05,238.8,342.2,94.9976639215842
354795,354795,46.9785,-121.4587,2017-09-05,1290.7,396.1,96.30537982623665
354796,354796,46.99,-121.4171,2017-09-05,318.7,348.2,97.57582545033755
354797,354797,47.0253,-121.48200000000001,2017-09-05,205.8,336.8,91.32273692322794
354798,354798,47.0357,-121.4429,2017-09-05,329.6,348.4,92.61959888409181
354799,354799,46.9971,-121.5251,2017-09-05,301.6,346.7,91.3819607479607
354800,354800,47.011,-121.4728,2017-09-05,2220.5,419.3,92.94857800684115
354801,354801,47.0211,-121.4351,2017-09-05,2008.0,414.8,94.17283816675388
354802,354802,46.9833,-121.5139,2017-09-05,636.5,369.6,93.09438751678535
354803,354803,46.9965,-121.465,2017-09-05,4963.8,461.1,94.52129190658692
354804,354804,47.0076,-121.4235,2017-09-05,2895.3,432.4,95.85165548497031
354805,354805,46.9698,-121.50200000000001,2017-09-05,417.2,356.4,94.81844079828103
354806,354806,46.9832,-121.4522,2017-09-05,2199.8,419.0,96.2625648439732
354807,354807,46.994,-121.4121,2017-09-05,335.0,349.3,97.5299174856234
354808,354808,46.9571,-121.4872,2017-09-05,233.4,340.2,96.62135406784955
354809,354809,46.9688,-121.4438,2017-09-05,312.0,347.3,97.8657902689682
354810,354810,46.9431,-121.4771,2017-09-05,89.1,320.4,98.29954393601322
354811,354811,46.9546,-121.4346,2017-09-05,99.9,322.4,99.498106858066
354812,354812,46.9282,-121.4702,2017-09-05,62.8,314.7,99.8978845032229
354815,354815,46.931999999999995,-121.4682,2017-09-05,102.7,321.3,99.67583090263872
354827,354827,47.04600000000001,-121.4042,2017-09-05,139.0,326.7,93.98939443282353
354828,354828,47.0424,-121.4081,2017-09-05,339.2,349.0,94.03921691202048
354829,354829,47.163000000000004,-121.4442,2017-09-05,27.9,304.1,83.37956441322639
354830,354830,47.1872,-121.4159,2017-09-05,185.2,334.1,83.55398173091089
354831,354831,47.1768,-121.4544,2017-09-05,288.9,345.3,81.84689686340322
354832,354832,47.2008,-121.427,2017-09-05,47.4,310.9,82.01071275074159
354833,354833,47.1906,-121.4649,2017-09-05,120.5,325.3,80.3035610196009
354834,354834,47.1837,-121.4205,2017-09-05,192.4,335.3,83.48865607751102
354835,354835,47.1731,-121.459,2017-09-05,146.9,329.3,81.81102731193745
354836,354836,47.1972,-121.4318,2017-09-05,121.5,325.1,81.93428726797839
354837,354837,47.1867,-121.47,2017-09-05,136.2,327.4,80.24509421758505
354839,354839,47.0292,-121.3955,2017-09-05,727.3,374.0,95.73512316568855
354840,354840,47.0326,-121.39200000000001,2017-09-05,637.7,368.8,95.67552152373554
355189,355189,47.0586,-121.4544,2017-09-05,449.4,363.3,90.23729418442858
355190,355190,47.0604,-121.4146,2017-09-05,337.4,354.2,92.33399616606715
355191,355191,47.0438,-121.4551,2017-09-05,525.3,368.8,91.32854306974933
355192,355192,47.0456,-121.4147,2017-09-05,612.1,373.5,93.42972887165477
355193,355193,47.0273,-121.495,2017-09-05,72.1,317.6,90.47505430275334
355194,355194,47.0289,-121.4565,2017-09-05,184.8,337.4,92.40617939381694
355195,355195,47.0127,-121.4916,2017-09-05,82.9,318.8,91.82495992347629
355196,355196,47.0142,-121.4554,2017-09-05,165.2,334.4,93.61855970794973
355197,355197,46.998000000000005,-121.4896,2017-09-05,254.8,345.2,93.12019943720276
355198,355198,46.9994,-121.4553,2017-09-05,221.4,342.5,94.79890186572317
355199,355199,47.001000000000005,-121.4171,2017-09-05,169.0,336.2,96.7126366667332
355200,355200,46.9863,-121.4149,2017-09-05,46.9,315.7,97.98539803709514
355201,355201,46.9699,-121.4546,2017-09-05,98.9,324.4,97.2178511665617
355202,355202,46.9551,-121.4536,2017-09-05,101.4,324.6,98.48331963543401
355203,355203,46.9959,-121.5134,2017-09-05,43.2,307.4,92.07347312794766
355204,355204,46.9972,-121.4842,2017-09-05,180.7,335.6,93.464616699091
355205,355205,46.9989,-121.4489,2017-09-05,262.4,346.6,95.17724622901127
355206,355206,47.0007,-121.4105,2017-09-05,138.9,331.9,97.09301410942967
355207,355207,46.9694,-121.4476,2017-09-05,99.4,324.4,97.6201771337041
355208,355208,46.9546,-121.4472,2017-09-05,97.2,323.8,98.85123286196037
355212,355212,47.0028,-121.3744,2017-09-05,90.5,323.7,98.90669103653673
355214,355214,47.0027,-121.3669,2017-09-05,87.9,323.0,99.3294480614058
355215,355215,47.049,-121.3354,2017-09-05,83.9,320.1,97.70914437680102
355216,355216,47.0472,-121.3778,2017-09-05,193.4,339.0,95.39688621619396
355217,355217,47.047,-121.3832,2017-09-05,268.4,347.4,95.1039461092078
355218,355218,47.1788,-121.4251,2017-09-05,136.7,329.7,83.5161588910528
355219,355219,47.0323,-121.3779,2017-09-05,197.7,339.0,96.49066558306174
355220,355220,47.034,-121.339,2017-09-05,178.2,336.4,98.58041626019136
355221,355221,47.0192,-121.3363,2017-09-05,167.3,334.8,99.8159333719946
355224,355224,47.177,-121.4653,2017-09-05,85.0,320.2,81.17003311744081
355228,355228,47.1789,-121.4313,2017-09-05,149.6,331.6,83.12710679826513
355229,355229,47.1773,-121.4713,2017-09-05,51.2,311.8,80.7859678360891
355232,355232,47.1938,-121.4311,2017-09-05,43.2,308.5,82.19124255859361
355233,355233,47.1921,-121.47,2017-09-05,21.0,300.9,79.89310408441074
355246,355246,47.327,-121.0872,2017-09-05,86.7,317.1,98.90503584814616
355247,355247,47.342,-121.0896,2017-09-05,116.8,322.7,98.20570126279277
355250,355250,47.3404,-121.0944,2017-09-05,113.5,322.5,97.9169758492026
355251,355251,47.0753,-121.4188,2017-09-05,45.3,310.5,91.00131104061997
355252,355252,47.0588,-121.4591,2017-09-05,398.2,359.3,89.96173533543013
355253,355253,47.0604,-121.419,2017-09-05,455.0,363.5,92.08498864159213
355254,355254,47.044,-121.4605,2017-09-05,333.1,354.2,91.01777535719977
355255,355255,47.0456,-121.4198,2017-09-05,580.3,371.6,93.14450098672079
355256,355256,47.0735,-121.45299999999999,2017-09-05,35.2,307.6,89.1949515948818
355257,355257,47.0753,-121.4138,2017-09-05,44.1,309.5,91.28765607538118
355258,355258,47.0567,-121.4962,2017-09-05,43.2,311.2,88.09259428778358
355386,355386,47.0027,-121.4696,2017-09-05,171.1,324.8,93.78174540153239
355387,355387,47.037,-121.4112,2017-09-05,284.1,335.1,94.27187928533897
355388,355388,47.0546,-121.4138,2017-09-05,906.0,367.0,92.80880160335495
355389,355389,47.0553,-121.4685,2017-09-05,572.3,352.8,89.71077439951229
355390,355390,47.0201,-121.4156,2017-09-05,180.7,326.2,95.31484617716075
355391,355391,47.0564,-121.4803,2017-09-05,448.7,346.7,88.98015029229953
355392,355392,47.0541,-121.3617,2017-09-05,485.5,347.6,95.8195682056521
355393,355393,47.073,-121.4715,2017-09-05,481.4,347.5,88.19816213388687
355394,355394,47.0378,-121.4677,2017-09-05,320.8,338.7,91.10675317061042
355395,355395,47.0729,-121.4269,2017-09-05,197.4,326.2,90.71493783695922
355396,355396,47.0741,-121.4848,2017-09-05,266.1,333.3,87.37721580494996
355397,355397,47.0202,-121.4672,2017-09-05,225.2,330.9,92.51458521287309
355398,355398,47.0721,-121.4174,2017-09-05,150.4,320.3,91.3149551879952
355399,355399,47.0553,-121.4234,2017-09-05,851.1,365.2,92.2161836587452
355400,355400,47.0212,-121.4764,2017-09-05,265.0,333.8,91.94564108399824
355401,355401,47.0377,-121.4205,2017-09-05,289.1,335.7,93.70184238563465
355402,355402,47.0387,-121.4758,2017-09-05,248.5,332.2,90.59893782915623
355403,355403,47.0187,-121.3504,2017-09-05,102.4,314.7,99.05306648020563
355404,355404,47.0194,-121.4077,2017-09-05,159.0,324.2,95.80265666827246
355405,355405,47.0362,-121.3512,2017-09-05,287.8,334.1,97.72075577562892
355406,355406,47.0026,-121.4143,2017-09-05,114.9,318.0,96.73923392373717
355407,355407,47.0537,-121.3539,2017-09-05,402.8,342.2,96.29933461736046
355408,355408,47.0036,-121.4785,2017-09-05,147.5,321.3,93.24314288061808
355409,355409,47.0366,-121.3584,2017-09-05,322.3,337.0,97.27997592537439
355501,355501,47.3726,-121.0592,2017-09-05,27.7,307.2,99.4104353108623
355502,355502,47.3372,-121.0804,2017-09-05,66.8,322.4,99.03061516979713
355503,355503,47.3499,-121.0746,2017-09-05,122.8,335.9,99.01643863823263
355506,355506,47.3242,-121.0844,2017-09-05,234.7,353.4,99.20583310727162
355544,355544,47.0468,-121.3544,2017-09-05,41.8,315.2,96.76737909246546
355545,355545,47.0349,-121.3627,2017-09-05,109.1,334.3,97.1596098988301
355546,355546,46.9776,-121.4647,2017-09-05,49.6,320.1,96.06860745716217
355547,355547,46.9904,-121.4599,2017-09-05,54.8,322.9,95.2794733587421
355548,355548,46.996,-121.4839,2017-09-05,80.2,328.8,93.5777075283244
355549,355549,47.0015,-121.5069,2017-09-05,21.5,308.0,91.94400825039133
355550,355550,46.9959,-121.4246,2017-09-05,74.9,327.4,96.70931798465983
355551,355551,47.0023,-121.4514,2017-09-05,66.6,326.9,94.77420165616049
355552,355552,47.0089,-121.48,2017-09-05,48.6,320.7,92.73804945076746
355553,355553,46.9873,-121.4546,2017-09-05,54.2,322.7,95.8064558401744
355554,355554,46.9932,-121.4788,2017-09-05,62.5,325.0,94.06940233339697
355555,355555,46.9987,-121.5019,2017-09-05,25.6,310.4,92.42989434629806
355556,355556,46.9927,-121.419,2017-09-05,55.9,322.6,97.26135827614107
355557,355557,46.9991,-121.4459,2017-09-05,99.8,334.8,95.32040419447092
355558,355558,47.006,-121.4745,2017-09-05,81.1,330.0,93.25956451250173
355559,355559,47.0116,-121.49799999999999,2017-09-05,29.4,311.8,91.58027640264368
355560,355560,47.0111,-121.4377,2017-09-05,109.3,336.0,94.81177028851465
355561,355561,47.0183,-121.4679,2017-09-05,107.3,335.3,92.62760910555541
355562,355562,47.0246,-121.4942,2017-09-05,255.6,357.8,90.7329792551016
355563,355563,47.0303,-121.51799999999999,2017-09-05,30.3,311.0,89.026905546761
355564,355564,47.0234,-121.4312,2017-09-05,46.8,320.5,94.20718769611814
355565,355565,47.0304,-121.4606,2017-09-05,75.9,328.1,92.06760058952067
355566,355566,47.0373,-121.4895,2017-09-05,755.0,396.9,89.97352440057124
355567,355567,47.0434,-121.5151,2017-09-05,260.6,358.5,88.12889078001568
355568,355568,47.0491,-121.4808,2017-09-05,32.6,312.4,89.51803513985914
355569,355569,47.0476,-121.4162,2017-09-05,77.2,327.8,93.195857397175
355570,355570,47.0544,-121.4449,2017-09-05,72.7,328.0,91.08263989423189
355571,355571,47.0609,-121.4725,2017-09-05,78.9,327.6,89.06215718868985
355572,355572,47.0675,-121.5001,2017-09-05,21.8,307.1,87.04315899548715
355573,355573,47.0596,-121.4082,2017-09-05,69.6,324.5,92.75600455442573
355574,355574,47.0661,-121.4359,2017-09-05,104.3,334.1,90.7082263129735
355575,355575,47.0731,-121.4657,2017-09-05,135.0,339.9,88.51378104519371
355576,355576,47.0794,-121.4921,2017-09-05,52.6,319.5,86.57064647309119
355577,355577,47.0646,-121.4319,2017-09-05,106.7,334.4,91.04515405865222
355578,355578,47.0719,-121.4619,2017-09-05,134.6,339.8,88.81615455756291
355579,355579,47.0782,-121.4879,2017-09-05,80.4,327.3,86.89424053186549
355580,355580,47.1916,-121.4474,2017-09-05,71.2,324.7,81.31820567992735
355581,355581,47.1857,-121.4226,2017-09-05,137.8,339.6,83.23145533856353
355582,355582,47.1734,-121.4293,2017-09-05,49.3,317.9,83.60558107089626
355583,355583,47.1884,-121.4285,2017-09-05,99.3,332.5,82.6938150966171
355584,355584,47.1761,-121.4346,2017-09-05,88.8,330.1,83.10491117366071
355585,355585,47.0581,-121.4048,2017-09-05,104.2,333.0,93.05955884450658
355586,355586,47.0522,-121.3804,2017-09-05,263.4,357.9,94.8828086217167
355587,355587,47.0449,-121.3505,2017-09-05,36.2,312.4,97.12939014903608
355588,355588,47.0538,-121.3838,2017-09-05,267.6,358.7,94.57160201159974
355589,355589,47.0416,-121.3909,2017-09-05,83.4,329.9,95.06634784826103
356006,356006,47.1826,-121.4339,2017-09-05,137.3,352.7,82.72888011004258
356007,356007,47.1744,-121.4436,2017-09-05,170.8,358.9,82.66392596903043
356008,356008,46.9893,-121.4271,2017-09-05,119.8,352.5,97.09743229368489
356010,356010,46.9921,-121.4338,2017-09-05,109.3,350.0,96.5190117223021
356011,356011,46.9807,-121.4355,2017-09-05,147.9,357.1,97.3387479407699
356012,356012,46.979,-121.4153,2017-09-05,86.3,343.4,98.54222679635166
356013,356013,46.9693,-121.4375,2017-09-05,60.4,335.4,98.15252895023416
356014,356014,47.1723,-121.4188,2017-09-05,39.2,324.9,84.32274979685026
356486,356486,47.1691,-121.4503,2017-09-05,119.4,337.2,82.60445818220632
356492,356492,47.1812,-121.4582,2017-09-05,15.4,308.4,81.32633707064466
356493,356493,47.178000000000004,-121.4602,2017-09-05,58.4,324.8,81.41432938955047
356494,356494,47.068999999999996,-121.4576,2017-09-05,24.7,309.9,89.27425476397259
356495,356495,47.1761,-121.4205,2017-09-05,36.5,316.1,83.97347944569523
356565,356565,46.995,-121.5051,2017-09-05,370.7,345.7,92.57014555607316
356566,356566,47.0122,-121.5078,2017-09-05,755.0,364.9,91.02349385441072
356568,356568,47.0113,-121.5624,2017-09-05,150.7,327.3,88.32733497939024
356570,356570,46.9793,-121.4033,2017-09-05,105.1,322.7,99.15811359605941
356571,356571,47.3375,-121.072,2017-09-05,229.3,331.3,99.6220656922366
356573,356573,46.9784,-121.4608,2017-09-05,326.0,342.6,96.20482194957378
356574,356574,46.9753,-121.4529,2017-09-05,364.5,345.4,96.86597155296288
356575,356575,47.0129,-121.5106,2017-09-05,541.4,355.0,90.82183102202517
356709,356709,47.0113,-121.4972,2017-09-06,13.9,315.7,91.6461662459131
356710,356710,47.0089,-121.5117,2017-09-06,19.7,321.5,91.09162847262596
356711,356711,47.0452,-121.5235,2017-09-06,7.7,308.8,87.54174984711324
356712,356712,47.0543,-121.5265,2017-09-06,35.2,333.9,86.65787592228456
356722,356722,47.052,-121.5407,2017-09-06,27.9,329.0,86.09269387439832
356723,356723,47.0723,-121.5335,2017-09-06,8.9,309.5,84.86270561057398
356724,356724,47.07,-121.5479,2017-09-06,6.1,305.3,84.27573812849593
356725,356725,47.348,-121.0907,2017-09-06,19.5,320.4,97.92259331924872
356726,356726,47.3615,-121.0659,2017-09-06,15.2,316.6,99.26836324824748
356730,356730,47.3413,-121.0819,2017-09-06,9.3,310.5,98.78178518592604
356731,356731,47.3123,-121.0867,2017-09-06,15.5,318.6,99.48169619671764
356734,356734,46.9761,-121.4929,2017-09-06,20.8,320.6,94.75147725679862
356738,356738,47.3815,-121.0589,2017-09-06,4.8,301.8,99.16824824611909
356743,356743,47.3503,-121.0767,2017-09-06,6.2,304.7,98.85211261596992
357109,357109,47.0836,-121.4599,2017-09-06,14.0,312.6,88.05511507911848
357110,357110,47.0819,-121.4446,2017-09-06,6.6,304.9,89.0471467079405
357111,357111,47.0599,-121.5198,2017-09-06,12.6,312.3,86.5718601271421
357113,357113,47.0518,-121.5381,2017-09-06,13.2,312.6,86.24519986726105
357114,357114,47.05,-121.5215,2017-09-06,58.8,341.0,87.26473181118507
357119,357119,47.3849,-121.054,2017-09-06,12.9,309.1,99.42637181104394
357120,357120,47.0179,-121.4133,2017-09-06,8.5,307.6,95.60997878109153
357124,357124,47.0171,-121.4974,2017-09-06,21.6,319.8,91.16719256926633
357125,357125,47.0073,-121.4997,2017-09-06,13.9,313.1,91.84107196439348
357126,357126,46.9788,-121.4232,2017-09-06,12.9,310.3,98.13941783951638
357127,357127,47.1828,-121.4319,2017-09-06,6.8,304.5,82.83963876187543
357128,357128,47.1926,-121.4297,2017-09-06,8.2,306.0,82.35400196257005
357129,357129,47.3071,-121.0822,2017-09-06,13.6,312.0,99.99761842005371
357132,357132,46.9731,-121.4784,2017-09-06,8.7,306.4,95.73561135741866
357133,357133,46.9761,-121.4901,2017-09-06,8.7,306.7,94.89326114548253
357343,357343,47.571999999999996,-122.3722,2017-09-06,6.4,311.7,4.874795273957333
357345,357345,47.6522,-121.5887,2017-09-06,11.1,312.3,56.1699174028366
357359,357359,47.3106,-121.0865,2017-09-06,22.4,325.1,99.55998818809391
357360,357360,47.1742,-121.427,2017-09-06,18.5,321.7,83.69518883503268
357361,357361,47.3788,-121.0563,2017-09-06,23.9,325.3,99.43620205579782
357365,357365,47.0491,-121.5309,2017-09-06,18.5,322.2,86.84006214430678
357367,357367,47.0223,-121.5143,2017-09-06,17.7,321.7,89.86643425551219
357370,357370,46.9599,-121.4462,2017-09-06,13.7,320.1,98.46772267055317
357371,357371,47.0103,-121.50299999999999,2017-09-06,19.0,323.0,91.42635130728091
357372,357372,47.0127,-121.5168,2017-09-06,33.9,332.6,90.51868651831184
357781,357781,47.3597,-121.0609,2017-09-06,13.2,323.8,99.68647991323336
357782,357782,47.0131,-121.5011,2017-09-06,17.6,321.6,91.29765043554812
357783,357783,47.0132,-121.4334,2017-09-06,8.0,311.8,94.87955131463836
357788,357788,47.567,-122.3678,2017-09-06,6.1,312.9,5.177262785399026
357792,357792,47.3097,-121.0868,2017-09-06,14.4,325.1,99.57277956793098
357796,357796,47.34,-121.0688,2017-09-06,26.5,335.4,99.76584211817026
357797,357797,47.3383,-121.0819,2017-09-06,122.8,373.8,98.88506654236978
357802,357802,47.0328,-121.3578,2017-09-06,7.1,313.5,97.59279812112851
357814,357814,47.6473,-121.5974,2017-09-06,9.0,312.7,55.47730299086698
358070,358070,46.9391,-121.4579,2017-09-07,34.2,312.4,99.59356795645441
358071,358071,47.3362,-121.094,2017-09-07,25.0,309.1,98.09214633447897
358072,358072,47.3901,-121.0561,2017-09-07,16.2,303.7,99.12595291582706
358073,358073,47.3775,-121.0502,2017-09-07,12.0,301.4,99.9175366189499
358074,358074,47.349,-121.0947,2017-09-07,48.4,319.6,97.6016141283703
358155,358155,47.3442,-121.0906,2017-09-07,19.2,311.0,98.0586513950765
358156,358156,47.3332,-121.0942,2017-09-07,28.4,316.9,98.18374132934755
358157,358157,47.3549,-121.0854,2017-09-07,17.2,309.4,98.0743695097051
358160,358160,47.373000000000005,-121.0591,2017-09-07,11.7,303.9,99.40562507819625
359838,359838,47.3449,-121.1005,2017-09-08,6.4,311.7,97.32472720252177
359843,359843,47.3675,-121.0662,2017-09-08,8.1,313.9,99.05915639234611
360212,360212,47.3415,-121.0919,2017-09-08,10.0,317.5,98.05805998352133
360220,360220,47.3504,-121.0956,2017-09-08,12.6,319.4,97.48990860291534
361491,361491,47.3549,-121.0734,2017-09-11,9.7,306.7,98.93877781165256
361494,361494,47.3517,-121.1,2017-09-11,16.3,315.1,97.13017109032724
361496,361496,47.3642,-121.0756,2017-09-11,7.8,304.0,98.48238239229224
361497,361497,47.3658,-121.06200000000001,2017-09-11,7.2,302.2,99.41570092113608
361498,361498,47.3533,-121.0867,2017-09-11,19.7,318.4,98.03341519554195
361549,361549,47.3577,-121.0899,2017-09-11,22.4,323.2,97.65876237011973
361550,361550,47.3558,-121.0772,2017-09-11,9.7,308.1,98.6356830352884
361838,361838,47.3642,-121.0686,2017-09-11,15.6,307.6,98.98828716829573
362266,362266,47.3509,-121.0667,2017-09-11,13.0,316.7,99.5520670387518
362267,362267,47.3494,-121.0837,2017-09-11,14.0,316.9,98.3786236637928
362729,362729,47.3509,-121.09299999999999,2017-09-12,41.7,302.6,97.66001779050812
362898,362898,47.3545,-121.0695,2017-09-12,25.0,301.3,99.23283462462626
363154,363154,47.0161,-122.4662,2017-09-12,11.8,307.5,66.57580887950242
363853,363853,47.3532,-121.081,2017-09-12,12.4,310.5,98.44697036233097
363858,363858,47.3426,-121.0725,2017-09-12,12.5,311.0,99.41192080250742
363941,363941,47.3474,-121.0678,2017-09-13,7.4,303.8,99.58851594514012
363943,363943,47.3544,-121.0838,2017-09-13,16.0,316.8,98.2059731381756
363957,363957,47.3524,-121.0969,2017-09-13,11.6,311.8,97.32959954900292
363961,363961,47.3455,-121.0808,2017-09-13,7.1,303.5,98.71789667779025
364188,364188,47.5672,-122.3731,2017-09-13,8.4,301.8,5.357839430259451
364382,364382,47.3562,-121.0815,2017-09-13,8.6,302.7,98.31282079600135
364564,364564,47.3556,-121.0859,2017-09-13,10.0,302.0,98.01543864460716
364902,364902,47.1014,-122.5195,2017-09-13,6.5,308.2,58.037114481116156
364903,364903,47.3446,-121.09899999999999,2017-09-13,16.6,318.3,97.44255976322957
364904,364904,47.3461,-121.0862,2017-09-13,5.1,304.7,98.30987478618519
364905,364905,47.1032,-122.5062,2017-09-13,8.7,311.4,57.610247574862555
364906,364906,47.0066,-121.5295,2017-09-13,11.3,308.3,90.37183742703726
364908,364908,47.3555,-121.0877,2017-09-13,88.2,356.9,97.8890876656242
364909,364909,47.357,-121.0746,2017-09-13,43.4,337.7,98.78422365890572
365406,365406,47.3827,-121.0712,2017-09-15,14.9,310.5,98.23932560082207
365407,365407,47.3707,-121.0831,2017-09-15,11.1,307.5,97.7372630057255
365408,365408,47.3735,-121.0669,2017-09-15,26.6,321.9,98.82502551183559
365409,365409,47.3616,-121.0784,2017-09-15,24.0,320.3,98.36251214185391
365411,365411,47.3588,-121.0949,2017-09-15,14.3,311.4,97.26270725415716
365452,365452,47.3674,-121.0703,2017-09-15,13.9,303.9,98.76558388368187
365567,365567,47.6586,-121.6025,2017-09-15,18.9,320.0,55.204191207601305
365571,365571,47.3647,-121.0741,2017-09-15,21.3,324.9,98.57505677246454
365577,365577,47.3521,-121.0979,2017-09-15,5.4,304.1,97.26772267388358
365578,365578,47.3737,-121.0705,2017-09-15,19.7,323.4,98.55802481443655
365825,365825,47.3648,-121.0759,2017-09-15,48.9,345.4,98.44182636545612
365826,365826,47.3755,-121.0657,2017-09-15,27.6,332.0,98.85183541445268
365827,365827,47.3736,-121.0788,2017-09-15,75.4,357.8,97.95961962558903
365828,365828,47.3843,-121.0686,2017-09-15,23.8,327.8,98.38170031522972
365847,365847,47.6566,-121.6077,2017-09-15,11.5,313.2,54.795125858395444
365848,365848,47.5665,-122.37200000000001,2017-09-15,6.1,314.0,5.381139359883485
365920,365920,47.3717,-121.0972,2017-09-16,58.8,326.2,96.68618583051989
365921,365921,47.36,-121.0956,2017-09-16,18.5,303.1,97.1732801957399
365922,365922,47.3614,-121.0772,2017-09-16,26.4,308.6,98.4555087057518
365923,365923,47.3732,-121.0773,2017-09-16,46.8,321.0,98.08047649968334
365924,365924,47.3849,-121.0785,2017-09-16,67.1,328.9,97.64459739126981
365925,365925,47.3832,-121.1002,2017-09-16,54.1,324.3,96.11878881636812
365939,365939,47.38399999999999,-121.0783,2017-09-16,28.4,317.5,97.68540097275954
366127,366127,47.3843,-121.1012,2017-09-17,11.9,300.3,96.01351115648919
366130,366130,47.3884,-121.0808,2017-09-17,11.9,300.2,97.37602336253119
367700,367700,47.5721,-122.3708,2017-09-24,6.7,311.2,4.806467086850951
367749,367749,47.5681,-122.3697,2017-09-24,7.6,311.5,5.140115960883939
368175,368175,47.5734,-122.3726,2017-09-26,5.2,307.0,4.765263438973952
368586,368586,47.1087,-122.5061,2017-09-27,17.9,312.4,57.012297814186766
370685,370685,47.5679,-122.3699,2017-10-03,7.1,308.2,5.166894683112593
370918,370918,47.568000000000005,-122.37700000000001,2017-10-03,5.7,304.2,5.445834970369914
372787,372787,47.5726,-122.3644,2017-10-08,8.8,307.3,4.508284928671031
373590,373590,47.2588,-123.21,2017-10-09,18.3,301.2,76.42891017580702
374201,374201,47.2601,-123.1929,2017-10-10,5.9,300.7,75.24855597652608
374202,374202,47.2618,-123.2003,2017-10-10,11.4,306.5,75.6292364145958
374203,374203,47.2574,-123.2083,2017-10-10,6.7,301.7,76.39890254863064
374782,374782,47.0315,-122.6313,2017-10-11,37.9,318.3,67.90181618565761
376484,376484,47.5644,-122.3654,2017-10-15,4.4,302.9,5.355123694919216
377970,377970,46.9355,-122.303,2017-10-17,7.5,302.5,74.84289127077638
380963,380963,47.88399999999999,-122.8907,2017-10-24,27.1,327.1,51.659885456771605
380965,380965,47.9042,-122.8981,2017-10-24,11.4,310.1,53.454162511270695
380966,380966,47.9019,-122.8843,2017-10-24,12.4,311.3,52.486359957607036
380967,380967,47.1298,-123.355,2017-10-24,5.5,300.5,93.44269026602912
381365,381365,47.8966,-122.9002,2017-10-24,6.3,303.8,53.06476642545209
381367,381367,47.879,-122.8944,2017-10-24,9.2,308.8,51.557241234065565
381368,381368,47.8985,-122.8871,2017-10-24,5.7,302.8,52.41743890093227
382416,382416,47.9311,-122.8333,2017-10-26,7.4,303.6,51.751880271630974
383527,383527,47.0513,-123.2975,2017-10-28,6.7,300.6,95.38163546715055
383541,383541,47.568000000000005,-122.3637,2017-10-28,4.5,300.6,4.9386326722790495
383798,383798,47.9358,-122.8166,2017-10-30,72.3,312.8,51.23046868637843
383799,383799,47.9256,-122.8575,2017-10-30,93.8,318.9,52.657771387048356
383800,383800,47.9354,-122.8209,2017-10-30,99.5,320.3,51.425378256436574
383801,383801,47.9114,-122.85,2017-10-30,54.3,307.6,51.192513300902306
383802,383802,47.9216,-122.8125,2017-10-30,61.6,309.9,49.902543221152534
383803,383803,47.9262,-122.853,2017-10-30,125.8,324.0,52.45360249478991
383804,383804,47.9121,-122.8454,2017-10-30,73.5,312.2,50.98579958427332
383805,383805,47.922,-122.8079,2017-10-30,53.7,306.9,49.688334562312924
383810,383810,47.9227,-122.8167,2017-10-30,37.6,301.7,50.2125314355395
383816,383816,47.9221,-122.8515,2017-10-30,46.4,306.1,52.0649156663208
384086,384086,48.0545,-121.8601,2017-10-30,11.3,301.7,61.03042688584515
384087,384087,48.0656,-121.8589,2017-10-30,18.6,307.8,62.08834439836399
384088,384088,48.0556,-121.854,2017-10-30,12.3,302.3,61.39523808735215
384089,384089,48.0575,-121.876,2017-10-30,12.1,302.5,60.622434149427406
384470,384470,48.062,-121.8626,2017-10-30,16.4,301.0,61.602586906188755
384876,384876,48.0618,-121.8679,2017-10-31,31.3,322.7,61.35852835939935
384877,384877,48.0589,-121.8525,2017-10-31,16.3,309.7,61.757878711291525
385204,385204,48.0605,-121.86399999999999,2017-10-31,24.8,322.0,61.40624400959363
391851,391851,47.9554,-122.8608,2017-11-27,8.6,300.4,55.1039938396321
391852,391852,47.9531,-122.7077,2017-11-27,12.6,307.7,47.41966774832192
399353,399353,48.3022,-122.6891,2017-12-20,13.8,309.7,81.59124225831059
399444,399444,48.2957,-122.6998,2017-12-20,8.7,301.2,81.1711674470128
400082,400082,47.8636,-122.926,2017-12-30,12.3,301.8,52.55201061816612
411668,411668,47.5694,-122.3687,2018-03-03,7.4,303.5,4.9774064057614416
415049,415049,47.973,-122.7259,2018-03-09,70.2,318.7,50.00724254096511
415935,415935,47.5713,-122.3639,2018-03-10,6.0,303.3,4.617542677129288
416001,416001,47.5675,-122.3732,2018-03-10,6.5,305.8,5.333600969277831
426934,426934,47.5696,-122.3773,2018-04-02,5.6,306.5,5.314707194462995
437746,437746,47.5732,-122.3735,2018-04-25,7.0,301.4,4.823202625282422
438174,438174,47.5668,-122.3735,2018-04-25,7.0,315.0,5.411481376095766
442643,442643,47.5683,-122.3744,2018-05-06,6.6,314.5,5.308007356374508
444624,444624,47.5703,-122.3737,2018-05-11,8.7,316.3,5.094351705300873
446549,446549,47.5713,-122.3703,2018-05-23,7.7,301.9,4.860240837464636
448738,448738,47.5699,-122.367,2018-06-03,5.2,300.1,4.865646476166071
453858,453858,47.5728,-122.376,2018-06-19,5.4,302.6,4.9722881026796095
458509,458509,47.0153,-123.0695,2018-07-02,11.6,306.8,86.09983436602829
460079,460079,47.03,-122.4709,2018-07-05,14.8,315.9,65.10182106586227
460080,460080,47.0263,-122.4526,2018-07-05,21.3,320.5,65.30696651383701
462680,462680,47.5699,-122.3642,2018-07-11,7.0,317.2,4.766068252890226
462731,462731,47.5714,-122.3682,2018-07-12,5.0,301.8,4.767140239818904
462931,462931,47.0138,-122.4456,2018-07-12,49.2,330.8,66.61684995173913
462932,462932,47.0172,-122.4505,2018-07-12,28.8,324.1,66.2890890127966
463184,463184,47.2704,-123.1339,2018-07-13,11.2,312.3,70.85926776064994
463213,463213,47.263000000000005,-123.1519,2018-07-13,36.0,318.2,72.44749102148778
463214,463214,47.2667,-123.1496,2018-07-13,36.2,318.8,72.08135412230992
463215,463215,47.27,-123.1234,2018-07-13,16.1,311.0,70.21464262061549
463274,463274,47.5678,-122.3746,2018-07-14,4.6,302.0,5.362648246923517
463615,463615,47.0115,-122.5977,2018-07-15,76.2,318.1,69.24114967728487
463704,463704,47.5709,-122.3729,2018-07-16,7.7,305.3,5.005348464163364
464062,464062,47.2418,-122.9816,2018-07-17,12.6,306.0,63.44794166624211
464262,464262,47.0395,-122.6639,2018-07-17,138.2,335.5,67.91943360551409
464263,464263,46.9664,-122.6238,2018-07-17,94.3,327.4,74.61505705212912
464264,464264,46.9652,-122.6293,2018-07-17,104.3,328.7,74.86476063783064
466709,466709,47.0046,-122.5869,2018-07-23,16.0,313.4,69.75119174901681
468035,468035,48.0541,-122.9921,2018-07-25,9.3,316.8,69.77214977422213
468037,468037,47.5692,-122.3694,2018-07-25,9.9,324.0,5.023260460199376
469742,469742,47.0221,-121.7165,2018-07-27,12.3,316.5,80.14820213252335
469743,469743,47.0314,-121.7147,2018-07-27,68.2,350.9,79.38686485970747
470045,470045,48.4481,-122.5916,2018-07-27,28.3,323.5,95.3696936558641
470046,470046,47.0246,-121.7158,2018-07-27,43.6,330.4,79.9524378892664
470649,470649,47.5714,-122.3673,2018-07-28,5.9,304.2,4.732395911344533
473211,473211,47.571000000000005,-122.3698,2018-07-30,7.4,308.0,4.868194227737163
474188,474188,47.0167,-121.7243,2018-07-30,9.8,317.4,80.29984116169796
479233,479233,47.5698,-122.3705,2018-08-04,6.7,301.4,5.009185407520821
479714,479714,46.8722,-123.0486,2018-08-04,22.3,313.9,97.98446971836825
481538,481538,48.2357,-121.9077,2018-08-06,16.3,315.9,76.7444485539604
481548,481548,47.571000000000005,-122.3682,2018-08-06,5.4,301.4,4.80520921065566
481564,481564,47.5792,-123.1432,2018-08-06,4.3,300.1,60.69632817625084
481565,481565,47.5811,-123.1303,2018-08-06,8.5,307.3,59.71801415433322
481576,481576,47.5763,-122.3639,2018-08-06,5.7,301.5,4.1338116079085765
481584,481584,47.5788,-123.1244,2018-08-06,16.6,315.5,59.290788314720395
481585,481585,47.5881,-123.1221,2018-08-06,8.4,305.3,59.065457329604506
481963,481963,47.5812,-123.1425,2018-08-06,14.1,314.4,60.631389096889976
481964,481964,47.5785,-123.1367,2018-08-06,28.9,324.9,60.21404032660476
481965,481965,47.5775,-123.12299999999999,2018-08-06,20.5,319.8,59.194778233350405
482413,482413,47.5768,-123.1448,2018-08-06,98.5,361.7,60.832219888968666
482418,482418,47.5786,-123.1299,2018-08-06,70.7,351.9,59.70406174175595
482966,482966,47.582,-123.1365,2018-08-07,26.0,313.5,60.17707949117036
482967,482967,47.5697,-123.1412,2018-08-07,69.6,329.1,60.61710720444281
483368,483368,47.5678,-123.1389,2018-08-07,42.4,315.1,60.461353350096985
483716,483716,47.5697,-122.3687,2018-08-08,6.3,304.5,4.948637992570379
483844,483844,47.5725,-123.1376,2018-08-08,9.5,304.6,60.3249162027932
483845,483845,47.5815,-123.1177,2018-08-08,8.1,303.4,58.77163004217514
484153,484153,47.5805,-123.1389,2018-08-08,6.6,310.9,60.365983804440845
484154,484154,47.5737,-123.1554,2018-08-08,23.7,328.0,61.648276967929945
484155,484155,47.5781,-123.1245,2018-08-08,8.7,314.0,59.30299087693317
484156,484156,47.5714,-123.1414,2018-08-08,19.7,325.3,60.61809713844638
484157,484157,47.5871,-123.1212,2018-08-08,18.6,325.0,59.002844279618145
484617,484617,47.5771,-123.1618,2018-08-08,68.1,354.8,62.103360643317124
484618,484618,47.57899999999999,-123.1488,2018-08-08,177.2,386.7,61.11709305749349
484619,484619,47.581,-123.1358,2018-08-08,19.6,327.9,60.130662555976784
484620,484620,47.5829,-123.1229,2018-08-08,86.2,362.2,59.15284204784652
484621,484621,47.5682,-123.1592,2018-08-08,46.0,344.6,61.976734705145105
484628,484628,47.574,-123.1199,2018-08-08,12.8,321.2,58.98827808776936
484629,484629,47.5701,-123.1461,2018-08-08,54.3,349.3,60.98046412267226
485015,485015,47.5908,-123.1253,2018-08-09,34.1,325.2,59.29331833032083
485016,485016,47.5908,-123.1134,2018-08-09,17.1,313.1,58.401261902633415
485017,485017,47.5941,-123.1307,2018-08-09,15.5,311.9,59.685596240254114
485251,485251,47.0385,-122.5683,2018-08-09,54.6,318.9,65.74032915923793
485253,485253,47.0477,-122.5578,2018-08-09,53.8,318.3,64.54407391895998
485800,485800,47.5943,-123.1275,2018-08-10,31.6,320.5,59.4449886085972
485801,485801,47.5909,-123.1443,2018-08-10,49.3,328.9,60.717230493317494
485802,485802,47.5951,-123.1333,2018-08-10,46.2,327.6,59.877187784397904
485803,485803,47.5916,-123.1505,2018-08-10,23.1,315.5,61.1792361604471
485845,485845,47.5944,-123.1189,2018-08-10,25.5,309.6,58.79986038824923
485848,485848,47.5957,-123.1385,2018-08-10,39.5,316.9,60.26517375457865
485849,485849,47.5963,-123.1457,2018-08-10,25.3,309.5,60.80321229792981
486143,486143,47.5852,-123.1318,2018-08-10,12.0,317.8,59.80696568784244
486144,486144,47.586999999999996,-123.1447,2018-08-10,9.7,314.8,60.764617187304324
486657,486657,47.5883,-123.1401,2018-08-10,60.8,344.9,60.41368030446752
486658,486658,47.5858,-123.154,2018-08-10,5.3,307.0,61.46757818990341
486686,486686,47.9028,-122.7776,2018-08-10,6.3,310.5,46.58028210320099
487086,487086,47.5936,-123.1517,2018-08-11,15.2,310.5,61.26180331709838
487087,487087,47.5955,-123.1345,2018-08-11,10.0,304.5,59.965882856661544
489335,489335,47.5734,-122.3712,2018-08-13,8.1,304.9,4.704141390285347
489406,489406,47.5715,-122.3641,2018-08-13,7.4,303.3,4.604931611473553
489700,489700,47.5933,-123.1432,2018-08-13,11.0,306.1,60.62558614836327
491103,491103,47.5932,-123.1444,2018-08-15,112.3,366.6,60.71591289903621
491105,491105,47.5675,-122.3717,2018-08-15,6.7,305.1,5.2742593485238976
491107,491107,47.5888,-123.1715,2018-08-15,3.9,302.1,62.76509893945931
491108,491108,47.591,-123.1576,2018-08-15,376.5,414.4,61.71387749424333
491110,491110,47.5822,-123.1533,2018-08-15,16.5,318.2,61.434636845739924
491111,491111,47.5844,-123.1401,2018-08-15,3.8,301.8,60.43322696055277
491177,491177,47.595,-123.1575,2018-08-15,55.8,338.1,61.69198254249171
491178,491178,47.5932,-123.1407,2018-08-15,24.9,320.1,60.43851313676346
491864,491864,47.583999999999996,-123.1586,2018-08-15,4.1,307.7,61.82171580626985
492087,492087,47.5835,-123.1886,2018-08-16,45.5,301.1,64.0725515998783
492289,492289,47.5925,-123.1534,2018-08-16,20.6,310.3,61.39322214951014
495152,495152,47.574,-122.3691,2018-08-19,7.1,314.5,4.559892698066115
496504,496504,47.5828,-123.134,2018-08-20,29.9,316.4,59.98509188935781
496505,496505,47.577,-123.1648,2018-08-20,30.8,316.7,62.32872708260395
496506,496506,47.5882,-123.1587,2018-08-20,157.8,352.4,61.80831366275869
496848,496848,47.5804,-123.1754,2018-08-20,12.1,312.6,63.101071369138765
496849,496849,47.5821,-123.1575,2018-08-20,21.2,319.2,61.74990713403757
496850,496850,47.57,-123.1718,2018-08-20,14.6,314.5,62.904737510227115
496851,496851,47.5719,-123.1516,2018-08-20,17.8,316.9,61.37759928312395
497409,497409,47.5704,-123.1538,2018-08-21,10.1,309.3,61.554274059078566
497703,497703,47.5672,-123.1818,2018-08-21,26.1,315.1,63.67637262926507
497704,497704,47.5721,-123.1596,2018-08-21,33.8,318.8,61.97489654124081
498014,498014,47.5904,-123.1729,2018-08-22,6.5,307.6,62.86328551224141
498015,498015,47.5855,-123.1435,2018-08-22,4.7,304.6,60.682202001865214
498016,498016,47.5727,-123.1669,2018-08-22,20.6,323.9,62.516797260804175
498021,498021,47.5674,-122.3731,2018-08-22,5.2,302.9,5.339000908665855
498143,498143,47.5722,-123.1528,2018-08-22,5.7,303.8,61.465078694149106
498144,498144,47.5739,-123.1662,2018-08-22,8.9,308.2,62.45542620179395
498155,498155,47.5747,-122.3616,2018-08-22,6.2,301.8,4.202589285763044
498440,498440,47.5861,-123.171,2018-08-22,57.5,338.7,62.74018431302081
498443,498443,47.5833,-123.1563,2018-08-22,57.0,338.5,61.65319460465957
498930,498930,47.5766,-123.176,2018-08-22,12.8,318.1,63.17027899654664
498933,498933,47.5801,-123.1469,2018-08-22,7.1,312.5,60.967779730612776
498935,498935,47.5784,-123.1614,2018-08-22,11.5,316.4,62.06479150542066
499094,499094,47.5643,-123.184,2018-08-23,49.0,305.1,63.86650167488106
499106,499106,47.5712,-123.1902,2018-08-23,61.8,307.3,64.27262401804452
502952,502952,47.5665,-122.369,2018-08-28,6.8,314.4,5.269109082734446
502953,502953,47.5678,-123.1951,2018-08-28,8.2,307.1,64.66660876038269
502954,502954,47.5662,-123.1795,2018-08-28,36.4,329.4,63.512920096345034
503116,503116,47.5646,-123.1991,2018-08-28,44.5,326.0,64.99341909012723
503117,503117,47.5687,-123.1791,2018-08-28,37.1,322.6,63.461718868917146
503218,503218,47.5685,-123.1854,2018-08-29,12.3,311.8,63.934864881857926
503638,503638,47.5639,-123.1932,2018-08-29,14.0,311.6,64.55832689768673
503639,503639,47.5656,-123.177,2018-08-29,6.5,302.6,63.33117252808244
504745,504745,47.5726,-122.3698,2018-09-02,7.5,300.5,4.71862404066156
504829,504829,47.5817,-123.1372,2018-09-02,4.7,303.1,60.231309362112505
505488,505488,47.5704,-122.3669,2018-09-04,8.2,314.1,4.813547987030391
505489,505489,47.0197,-121.7025,2018-09-04,9.5,309.5,80.98346367319172
505491,505491,47.0199,-122.4575,2018-09-04,22.8,327.1,66.06299010439159
505708,505708,47.0136,-121.7085,2018-09-04,19.6,317.8,81.27034447049517
505709,505709,47.0116,-122.4589,2018-09-04,28.2,326.4,66.99200055075103
505710,505710,47.0143,-121.7129,2018-09-04,16.8,315.8,81.01417598513899
505717,505717,47.5818,-123.1488,2018-09-04,7.9,303.8,61.09980929455773
505833,505833,47.5694,-122.3716,2018-09-05,6.1,300.2,5.090821624626471
506380,506380,47.5867,-123.1656,2018-09-06,20.6,300.4,62.33253076327581
506381,506381,47.5874,-123.1951,2018-09-06,23.6,300.5,64.54039475763729
506445,506445,47.7329,-121.0149,2018-09-06,23.7,322.5,99.85956475573536
506677,506677,47.7309,-121.0156,2018-09-06,50.5,331.5,99.77880591291628
506679,506679,47.7243,-121.0288,2018-09-06,14.2,310.3,98.7067944457322
506864,506864,47.5776,-123.1838,2018-09-07,7.3,304.5,63.74788231576987
506866,506866,47.5864,-123.1871,2018-09-07,5.9,302.3,63.94543468936354
506912,506912,47.0145,-121.7005,2018-09-07,10.6,306.8,81.54134836063366
507103,507103,46.9084,-122.7152,2018-09-07,14.3,315.1,82.93753712719155
507252,507252,47.0109,-121.7087,2018-09-07,14.8,314.9,81.5068044121312
511665,511665,47.5711,-122.3627,2018-09-18,5.9,307.4,4.596077305226412
511719,511719,47.0058,-122.4389,2018-09-18,17.1,321.5,67.43938937990222
511720,511720,47.0037,-122.4257,2018-09-18,14.7,318.8,67.56355490038273
512027,512027,47.0135,-122.4368,2018-09-18,17.8,320.5,66.57029005597772
512520,512520,46.9039,-122.7272,2018-09-19,19.6,301.5,83.72369155414029
517301,517301,47.2623,-123.1903,2018-10-04,7.0,303.7,74.95387161927194
517305,517305,47.2643,-123.2033,2018-10-04,23.9,324.3,75.68140129759288
517354,517354,47.2642,-123.21,2018-10-04,10.6,308.4,76.1225004248791
517356,517356,47.2665,-123.1962,2018-10-04,8.3,305.1,75.09564140585232
518877,518877,47.5684,-122.3694,2018-10-13,5.9,305.5,5.099949053084868
518882,518882,46.9117,-122.9576,2018-10-13,24.2,325.2,90.58831662025845
518883,518883,46.9099,-122.9446,2018-10-13,8.6,307.3,90.25583460388454
518884,518884,46.8243,-122.929,2018-10-13,4.8,300.9,98.03927263982415
518928,518928,46.8195,-122.9299,2018-10-13,7.5,303.4,98.54620004098034
518937,518937,47.5654,-122.3659,2018-10-13,5.3,303.7,5.270865446012045
518941,518941,46.9092,-122.9558,2018-10-13,11.8,308.8,90.75652916613562
519235,519235,47.568000000000005,-122.3702,2018-10-15,5.6,301.5,5.168698798376235
519971,519971,47.0034,-122.4814,2018-10-18,18.9,316.2,68.14939378296341
521146,521146,48.0666,-123.389,2018-10-22,11.3,307.4,93.76735611633849
521148,521148,48.056999999999995,-123.3905,2018-10-22,6.0,300.2,93.29154728560778
524610,524610,47.9621,-122.7201,2018-11-05,18.6,317.9,48.77298822034337
527999,527999,47.5685,-122.3722,2018-11-19,6.4,300.7,5.199479949459601
529219,529219,46.8733,-122.0122,2018-11-30,8.6,300.6,85.28354862710107
529297,529297,47.9065,-122.666,2018-11-30,25.1,319.7,41.403824820866596
529658,529658,46.8604,-122.0358,2018-12-05,9.6,300.1,86.17560727051534
529706,529706,46.8592,-122.0358,2018-12-05,25.8,315.2,86.30448096589943
529707,529707,46.8564,-122.021,2018-12-05,12.1,300.6,86.90375678373194
529861,529861,46.8629,-122.0406,2018-12-05,23.1,319.6,85.81247721267805
529862,529862,46.8646,-122.0274,2018-12-05,12.0,305.9,85.89414167436139
530040,530040,47.0298,-122.1495,2018-12-07,15.4,310.1,65.820634985381
530314,530314,47.3185,-123.4736,2018-12-12,11.0,304.3,91.4635348690393
531185,531185,48.0348,-122.9023,2019-01-02,11.8,301.2,63.62020026790698
542397,542397,46.9345,-122.3888,2019-03-20,20.3,325.6,75.02400998037342
542399,542399,46.9275,-122.3731,2019-03-20,22.0,327.5,75.74747329295276
542400,542400,46.9256,-122.38600000000001,2019-03-20,31.0,334.3,76.00158871129929
542402,542402,46.9364,-122.3758,2019-03-20,11.2,316.5,74.76631564684008
543818,543818,47.5691,-122.3679,2019-03-22,8.1,311.7,4.976345088041504
548501,548501,47.5666,-122.3671,2019-03-31,5.7,308.5,5.192074618319992
554213,554213,47.5689,-122.3725,2019-04-12,5.7,307.5,5.174068277585133
560927,560927,47.5673,-122.3667,2019-05-07,6.5,312.9,5.109152397807449
566460,566460,47.5701,-122.3699,2019-06-10,8.2,318.0,4.957091842327144
566461,566461,47.5393,-122.8806,2019-06-10,5.2,309.0,41.63684670335029
566528,566528,47.5355,-122.8926,2019-06-10,23.6,323.7,42.60183398044222
566529,566529,47.5382,-122.8777,2019-06-10,15.5,317.2,41.446117573121654
574189,574189,47.5675,-122.3668,2019-07-01,4.8,301.4,5.09293431261711
574298,574298,47.037,-122.5186,2019-07-01,26.5,328.6,65.0020773726932
593466,593466,47.0129,-122.4322,2019-07-19,14.2,320.2,66.5975789427221
595141,595141,47.012,-122.4536,2019-07-22,39.0,322.3,66.89339677277738
599364,599364,47.0238,-122.4573,2019-07-25,57.1,311.2,65.63130648636594
599365,599365,47.0111,-122.6073,2019-07-25,80.7,314.2,69.49416676325029
600682,600682,47.0136,-122.5892,2019-07-29,69.6,314.5,68.83609052283214
601942,601942,47.0149,-122.6493,2019-08-03,54.3,313.1,70.09635279523482
602116,602116,47.5736,-122.3704,2019-08-04,6.4,317.2,4.651589827949791
602171,602171,47.5665,-122.3713,2019-08-04,7.6,320.0,5.354362502114387
602368,602368,47.012,-122.5976,2019-08-05,65.6,317.7,69.18567438336777
603757,603757,47.573,-122.3708,2019-08-11,6.9,300.6,4.723584589368386
604695,604695,47.0091,-122.4658,2019-08-15,27.4,322.9,67.34156791453223
606475,606475,46.9166,-122.7121,2019-08-20,14.0,321.7,82.00010648103064
606476,606476,46.9146,-122.6992,2019-08-20,19.4,326.6,81.87704689677082
606579,606579,46.91,-122.7121,2019-08-20,19.3,323.0,82.68961298133118
610208,610208,47.5704,-122.368,2019-09-03,4.9,300.8,4.8548880734714555
610533,610533,46.8949,-122.8662,2019-09-03,3.0,308.0,88.87607398536727
611608,611608,47.7903,-123.5009,2019-09-06,7.4,300.1,89.59062129151779
611621,611621,47.7938,-123.4925,2019-09-06,6.9,300.7,89.06492615319901
612124,612124,47.7884,-123.4884,2019-09-06,18.4,310.1,88.63288116541759
618731,618731,47.5743,-122.3666,2019-09-30,4.4,303.4,4.429630753241857
620670,620670,48.1139,-122.3266,2019-10-05,8.5,304.7,56.273358470715785
622830,622830,47.5666,-122.3701,2019-10-14,4.1,301.5,5.299681726453486
623041,623041,47.5658,-122.3681,2019-10-14,5.5,304.8,5.30570512074412
625142,625142,47.8462,-122.7009,2019-10-23,14.4,305.5,38.08803354419296
625845,625845,47.0001,-122.4859,2019-10-23,20.6,320.2,68.5671529275105
625846,625846,47.0022,-122.4726,2019-10-23,16.2,315.8,68.17707098451675
626327,626327,46.9985,-122.4861,2019-10-24,45.4,316.4,68.74518831846596
627278,627278,47.0059,-122.4893,2019-10-28,23.4,319.9,67.97431387712864
627279,627279,47.0076,-122.4749,2019-10-28,13.8,309.9,67.61021451360372
627404,627404,46.9968,-122.4787,2019-10-29,28.6,300.6,68.84172467444147
627405,627405,47.0049,-122.476,2019-10-29,32.1,302.2,67.91984676724138
630357,630357,46.7603,-122.2143,2019-11-13,35.4,320.9,94.73261677431682
630358,630358,46.7641,-122.2331,2019-11-13,52.9,329.9,94.18484284695772
630361,630361,46.7569,-122.2295,2019-11-13,104.6,348.3,95.00556551532716
630363,630363,46.7537,-122.2372,2019-11-13,13.1,304.3,95.31326786760947
630364,630364,46.7501,-122.2194,2019-11-13,10.3,301.6,95.82603349664433
631202,631202,47.5689,-122.3707,2019-11-17,6.9,303.5,5.102238611180838
632782,632782,47.0074,-122.4831,2019-11-20,11.9,303.4,67.73131200646706
636373,636373,46.8651,-122.0075,2019-12-05,15.9,303.9,86.2596189379152
636422,636422,47.3175,-123.524,2019-12-06,22.9,311.3,95.05866159349974
636773,636773,47.0807,-121.6728,2019-12-09,30.4,303.0,77.02093617998668
637108,637108,46.8784,-122.01,2019-12-13,26.4,301.9,84.78774453851693
638000,638000,46.8159,-122.2131,2019-12-24,10.5,301.5,88.58798212836376
644921,644921,47.5705,-122.3682,2020-02-19,7.3,302.0,4.852949088656076
645083,645083,47.6776,-122.9469,2020-02-20,43.1,301.5,46.492667034566196
645105,645105,47.681999999999995,-122.9809,2020-02-20,34.3,303.8,49.08458823236611
645106,645106,47.6836,-122.9506,2020-02-20,32.4,303.1,46.878568962654704
651896,651896,47.5692,-122.3686,2020-03-08,5.7,300.4,4.992844423593633
656455,656455,47.5693,-122.3695,2020-03-29,5.5,302.9,5.017549701671851
657024,657024,47.5664,-122.3698,2020-03-29,5.9,305.6,5.307978471285742
663655,663655,46.9264,-122.3871,2020-04-14,4.2,303.5,75.9169583622188
664349,664349,46.873000000000005,-122.3632,2020-04-16,5.2,305.5,81.78277502139797
666828,666828,47.5698,-122.369,2020-04-25,6.8,305.9,4.9505619247561565
666876,666876,47.5711,-122.3731,2020-04-25,5.8,306.7,4.995545573507528
673113,673113,47.5715,-122.3697,2020-05-30,5.7,301.0,4.817207927653535
683414,1860,47.568999999999996,-122.37299999999999,2020-07-12,7.4,317.3,5.185153906617495
684990,3436,47.571000000000005,-122.366,2020-07-19,4.9,302.1,4.722215932531706
685422,3868,47.05,-122.571,2020-07-20,34.6,316.5,64.56390171663632
685427,3873,47.015,-122.618,2020-07-20,57.2,313.8,69.32362170754924
685526,3972,47.57,-122.37100000000001,2020-07-21,7.4,304.5,5.010344186557692
685640,4086,47.571000000000005,-122.367,2020-07-21,8.2,320.8,4.759410132177916
686791,5237,47.568000000000005,-122.37,2020-07-28,6.8,305.5,5.16108580318564
687067,5513,47.006,-122.609,2020-07-29,53.4,316.6,70.0743057765157
687816,6262,47.571000000000005,-122.36399999999999,2020-08-02,5.5,300.8,4.650566217936454
688851,7297,47.015,-122.61399999999999,2020-08-05,64.7,314.7,69.23140390400017
688852,7298,47.01,-122.62100000000001,2020-08-05,58.1,313.1,69.9227277179097
690520,8966,47.65,-121.902,2020-08-11,5.4,304.0,32.804700234715824
690593,9039,47.007,-122.50299999999999,2020-08-11,9.6,314.9,68.03837570662246
690594,9040,47.005,-122.51700000000001,2020-08-11,8.9,314.1,68.46068338964021
691099,9545,47.43899999999999,-122.661,2020-08-13,2.5,305.7,30.86077822896584
691159,9605,47.068999999999996,-122.463,2020-08-13,8.5,312.9,60.72366331405419
691160,9606,47.067,-122.476,2020-08-13,6.2,308.9,61.10593420147897
691777,10223,47.568999999999996,-122.369,2020-08-15,8.5,320.1,5.027177988776658
691962,10408,47.567,-122.369,2020-08-15,7.0,319.4,5.220434852732599
692126,10572,47.571000000000005,-122.37200000000001,2020-08-16,6.8,302.9,4.958237727858396
692144,10590,47.553999999999995,-122.824,2020-08-16,18.8,316.0,37.16575944545681
693203,11649,47.567,-122.368,2020-08-18,5.7,304.5,5.18437453825284
696200,14646,46.997,-122.479,2020-08-20,5.7,300.2,68.8233156778132
698064,16510,47.566,-122.365,2020-08-22,5.4,313.7,5.181406534002907
699461,17907,46.942,-122.772,2020-08-24,4.2,304.6,81.08427699813309
700697,19143,47.043,-122.491,2020-08-27,15.9,315.1,63.935067906269616
702628,21074,47.012,-122.44,2020-09-01,21.2,311.2,66.76418797437645
702629,21075,47.01,-122.413,2020-09-01,19.7,311.9,66.77538783101141
714301,32747,47.032,-122.223,2020-09-08,48.4,327.8,64.62564203477248
715388,33834,47.207,-122.194,2020-09-08,37.7,328.2,45.85299854366409
715389,33835,47.20399999999999,-122.178,2020-09-08,14.9,310.9,46.469710010808
715390,33836,47.198,-122.197,2020-09-08,136.1,364.4,46.77685171127939
715391,33837,47.195,-122.182,2020-09-08,35.9,327.0,47.36450853135752
715392,33838,47.199,-122.204,2020-09-08,53.4,336.5,46.553770397245344
715393,33839,47.196000000000005,-122.18799999999999,2020-09-08,71.8,344.4,47.148418546494405
715867,34313,47.201,-122.212,2020-09-08,30.1,310.3,46.211760842082825
716668,35114,47.198,-122.191,2020-09-08,60.0,320.9,46.8793650430961
716669,35115,47.196999999999996,-122.198,2020-09-08,70.0,322.5,46.86868006520803
717720,36166,46.86600000000001,-123.06,2020-09-08,35.5,320.0,99.03615898508673
717746,36192,46.881,-123.036,2020-09-08,29.6,318.2,96.64168867283799
717753,36199,46.879,-123.06200000000001,2020-09-08,176.7,353.6,97.91522139053966
717773,36219,47.195,-122.186,2020-09-08,12.9,312.6,47.29209442627808
717774,36220,47.193000000000005,-122.213,2020-09-08,60.1,327.9,47.069210515273845
721524,39970,46.878,-123.057,2020-09-09,12.3,319.8,97.796719638835
722675,41121,47.153999999999996,-121.84,2020-09-09,24.6,328.5,62.777631998830316
722676,41122,47.181999999999995,-122.198,2020-09-09,6.1,315.2,48.49783105798801
723569,42015,47.151,-121.833,2020-09-09,8.4,312.7,63.36028911365464
723570,42016,47.148,-121.84899999999999,2020-09-09,19.8,322.1,62.92007043060387
723571,42017,47.152,-121.84,2020-09-09,19.3,322.0,62.95713916141842
725378,43824,47.153999999999996,-121.845,2020-09-10,7.5,304.8,62.55465962425946
726623,45069,47.162,-121.84299999999999,2020-09-10,8.0,306.3,61.92689872061326
729454,47900,47.574,-122.368,2020-09-12,5.1,300.1,4.5143478837579405
744013,62459,47.568000000000005,-122.37,2020-09-21,6.8,301.9,5.16108580318564
