,Dates,Temperature,Wind Speed,Precipitation,Pressure,Heat Index
0,2016-01-01,13,27,0.0,1026,10
1,2016-01-02,10,16,0.0,1027,10
2,2016-01-03,10,10,0.0,1023,11
3,2016-01-04,9,13,0.0,1025,14
4,2016-01-05,7,17,0.0,1027,9
5,2016-01-06,11,21,0.0,1023,16
6,2016-01-07,13,22,0.0,1014,14
7,2016-01-08,12,7,0.0,1014,17
8,2016-01-09,14,12,0.0,1007,19
9,2016-01-10,10,20,0.0,1023,8
10,2016-01-11,6,9,0.0,1026,8
11,2016-01-12,8,9,0.0,1026,14
12,2016-01-13,10,11,0.0,1025,16
13,2016-01-14,11,19,0.0,1016,17
14,2016-01-15,14,19,0.0,1007,19
15,2016-01-16,13,10,0.0,1011,16
16,2016-01-17,11,16,0.0,1021,10
17,2016-01-18,9,5,0.0,1028,13
18,2016-01-19,8,18,0.0,1029,13
19,2016-01-20,12,18,0.0,1022,18
20,2016-01-21,15,13,0.0,1016,19
21,2016-01-22,14,35,0.0,1016,8
22,2016-01-23,5,22,0.0,1023,8
23,2016-01-24,5,5,0.0,1024,11
24,2016-01-25,9,18,0.0,1020,17
25,2016-01-26,16,24,0.0,1018,19
26,2016-01-27,11,24,0.0,1020,9
27,2016-01-28,9,17,0.0,1018,10
28,2016-01-29,9,8,0.0,1021,19
29,2016-01-30,12,17,0.0,1019,19
30,2016-01-31,15,16,0.0,1015,20
31,2016-02-01,16,5,0.0,1015,19
32,2016-02-02,19,31,0.0,1010,25
33,2016-02-03,20,15,0.0,1017,15
34,2016-02-04,12,25,0.0,1026,12
35,2016-02-05,8,11,0.0,1032,10
36,2016-02-06,8,12,0.0,1026,12
37,2016-02-07,9,6,0.0,1025,15
38,2016-02-08,9,34,0.0,1019,14
39,2016-02-09,9,29,0.0,1021,10
40,2016-02-10,9,9,0.0,1028,12
41,2016-02-11,9,22,0.0,1023,20
42,2016-02-12,14,20,0.0,1024,20
43,2016-02-13,15,13,0.0,1030,13
44,2016-02-14,11,22,0.0,1022,18
45,2016-02-15,16,27,0.0,1011,24
46,2016-02-16,12,12,0.0,1015,18
47,2016-02-17,15,11,0.0,1024,16
48,2016-02-18,13,14,0.0,1029,18
49,2016-02-19,15,17,0.0,1026,21
50,2016-02-20,17,13,0.0,1024,25
51,2016-02-21,18,9,0.0,1020,25
52,2016-02-22,19,20,0.0,1014,21
53,2016-02-23,17,27,0.0,1006,24
54,2016-02-24,15,34,0.0,1015,12
55,2016-02-25,12,20,0.0,1023,17
56,2016-02-26,12,8,0.0,1030,13
57,2016-02-27,11,7,0.0,1028,15
58,2016-02-28,11,15,0.0,1023,18
59,2016-02-29,16,5,0.0,1021,24
60,2016-03-01,17,19,0.0,1019,25
61,2016-03-02,19,11,0.0,1023,17
62,2016-03-03,14,17,0.0,1015,20
63,2016-03-04,16,8,0.0,1022,18
64,2016-03-05,15,5,0.0,1023,25
65,2016-03-06,16,13,0.0,1024,24
66,2016-03-07,16,20,0.0,1021,25
67,2016-03-08,19,30,0.0,1018,25
68,2016-03-09,20,40,0.0,1014,26
69,2016-03-10,22,29,0.0,1015,25
70,2016-03-11,22,18,0.0,1020,20
71,2016-03-12,20,19,0.0,1016,24
72,2016-03-13,19,13,0.0,1013,26
73,2016-03-14,20,21,0.0,1014,27
74,2016-03-15,20,20,0.0,1015,28
75,2016-03-16,21,7,0.0,1017,27
76,2016-03-17,22,11,0.0,1014,28
77,2016-03-18,21,18,0.0,1012,25
78,2016-03-19,21,18,0.0,1015,21
79,2016-03-20,14,24,0.0,1022,15
80,2016-03-21,10,5,0.0,1030,15
81,2016-03-22,11,17,0.0,1027,18
82,2016-03-23,17,27,0.0,1018,25
83,2016-03-24,20,13,0.0,1011,25
84,2016-03-25,17,7,0.0,1014,20
85,2016-03-26,16,6,0.0,1015,24
86,2016-03-27,21,18,0.0,1017,20
87,2016-03-28,18,4,0.0,1020,25
88,2016-03-29,20,22,0.0,1019,25
89,2016-03-30,20,25,0.0,1017,26
90,2016-03-31,22,26,0.0,1010,29
91,2016-04-01,23,27,0.0,1011,19
92,2016-04-02,17,23,0.0,1019,19
93,2016-04-03,15,4,0.0,1023,25
94,2016-04-04,16,4,0.0,1023,26
95,2016-04-05,17,4,0.0,1024,28
96,2016-04-06,18,18,0.0,1019,25
97,2016-04-07,19,4,0.0,1016,27
98,2016-04-08,19,13,0.0,1020,24
99,2016-04-09,18,3,0.0,1023,24
100,2016-04-10,18,24,0.0,1022,25
101,2016-04-11,20,29,0.0,1018,26
102,2016-04-12,21,8,0.0,1019,25
103,2016-04-13,18,18,0.0,1018,26
104,2016-04-14,19,17,0.0,1017,24
105,2016-04-15,17,21,0.0,1019,23
106,2016-04-16,18,15,0.0,1021,24
107,2016-04-17,18,15,0.0,1019,25
108,2016-04-18,19,17,0.0,1017,26
109,2016-04-19,20,13,0.0,1017,26
110,2016-04-20,18,11,0.0,1018,25
111,2016-04-21,21,7,0.0,1016,28
112,2016-04-22,20,10,0.0,1016,26
113,2016-04-23,22,12,0.0,1018,26
114,2016-04-24,22,15,0.0,1016,27
115,2016-04-25,21,9,0.0,1015,28
116,2016-04-26,22,18,0.0,1013,29
117,2016-04-27,23,12,0.0,1011,30
118,2016-04-28,24,13,0.0,1014,29
119,2016-04-29,24,25,0.0,1014,32
120,2016-04-30,24,28,0.0,1011,31
121,2016-05-01,24,10,0.0,1015,28
122,2016-05-02,23,12,0.0,1015,30
123,2016-05-03,24,5,0.0,1014,26
124,2016-05-04,21,20,0.0,1014,24
125,2016-05-05,21,18,0.0,1014,25
126,2016-05-06,20,16,0.0,1018,24
127,2016-05-07,19,5,0.0,1019,27
128,2016-05-08,19,13,0.0,1018,26
129,2016-05-09,21,27,0.0,1016,27
130,2016-05-10,22,21,0.0,1018,30
131,2016-05-11,23,12,0.0,1020,30
132,2016-05-12,23,3,0.0,1020,32
133,2016-05-13,24,9,0.0,1019,31
134,2016-05-14,24,12,0.0,1018,27
135,2016-05-15,24,13,0.0,1019,26
136,2016-05-16,23,25,0.0,1017,28
137,2016-05-17,24,20,0.0,1013,29
138,2016-05-18,23,11,0.0,1015,28
139,2016-05-19,22,13,0.0,1017,31
140,2016-05-20,23,14,0.0,1016,32
141,2016-05-21,24,10,0.0,1016,32
142,2016-05-22,25,10,0.0,1016,28
143,2016-05-23,24,9,0.0,1016,28
144,2016-05-24,23,12,0.0,1019,31
145,2016-05-25,24,14,0.0,1021,33
146,2016-05-26,25,17,0.0,1018,28
147,2016-05-27,26,24,0.0,1015,30
148,2016-05-28,27,13,0.0,1017,31
149,2016-05-29,24,6,0.0,1020,32
150,2016-05-30,26,1,0.0,1017,37
151,2016-05-31,25,10,0.0,1016,33
152,2016-06-01,25,12,0.0,1016,31
153,2016-06-02,26,21,0.0,1016,33
154,2016-06-03,26,21,0.0,1015,33
155,2016-06-04,25,10,0.0,1013,33
156,2016-06-05,25,7,0.0,1011,32
157,2016-06-06,26,11,0.0,1008,33
158,2016-06-07,26,7,0.0,1011,35
159,2016-06-08,28,17,0.0,1013,34
160,2016-06-09,26,17,0.0,1015,34
161,2016-06-10,26,10,0.0,1015,30
162,2016-06-11,26,6,0.0,1020,35
163,2016-06-12,27,3,0.0,1020,36
164,2016-06-13,27,6,0.0,1017,33
165,2016-06-14,27,11,0.0,1015,35
166,2016-06-15,26,13,0.0,1015,34
167,2016-06-16,26,10,0.0,1017,37
168,2016-06-17,28,11,0.0,1016,37
169,2016-06-18,27,12,0.0,1017,31
170,2016-06-19,26,14,0.0,1021,33
171,2016-06-20,27,17,0.0,1023,34
172,2016-06-21,26,6,0.0,1021,32
173,2016-06-22,26,6,0.0,1020,33
174,2016-06-23,26,5,0.0,1020,35
175,2016-06-24,26,4,0.0,1020,38
176,2016-06-25,27,5,0.0,1019,37
177,2016-06-26,28,3,0.0,1019,42
178,2016-06-27,28,4,0.0,1017,39
179,2016-06-28,27,1,0.0,1016,36
180,2016-06-29,26,7,0.0,1015,33
181,2016-06-30,26,9,0.0,1015,34
182,2016-07-01,27,6,0.0,1017,41
183,2016-07-02,28,1,0.0,1018,45
184,2016-07-03,28,12,0.0,1019,37
185,2016-07-04,28,16,0.0,1019,39
186,2016-07-05,28,15,0.0,1020,38
187,2016-07-06,28,14,0.0,1020,39
188,2016-07-07,28,14,0.0,1019,38
189,2016-07-08,29,4,0.0,1020,38
190,2016-07-09,28,5,0.0,1019,38
191,2016-07-10,28,2,0.0,1018,38
192,2016-07-11,27,9,0.0,1018,36
193,2016-07-12,28,7,0.0,1019,37
194,2016-07-13,28,8,0.0,1020,38
195,2016-07-14,28,7,0.0,1020,36
196,2016-07-15,28,10,0.0,1019,33
197,2016-07-16,26,5,0.0,1018,35
198,2016-07-17,27,18,4.1,1020,36
199,2016-07-18,26,8,0.0,1018,35
200,2016-07-19,26,10,0.0,1018,37
201,2016-07-20,27,8,0.0,1017,37
202,2016-07-21,27,9,0.0,1017,37
203,2016-07-22,27,12,0.0,1017,36
204,2016-07-23,27,10,0.0,1017,36
205,2016-07-24,27,10,0.0,1017,36
206,2016-07-25,27,8,0.0,1017,37
207,2016-07-26,27,8,0.0,1017,38
208,2016-07-27,27,9,0.0,1017,37
209,2016-07-28,27,8,0.0,1018,38
210,2016-07-29,28,3,0.0,1018,39
211,2016-07-30,28,5,0.0,1017,38
212,2016-07-31,28,4,0.0,1018,37
213,2016-08-01,28,4,0.0,1019,38
214,2016-08-02,28,6,0.0,1019,38
215,2016-08-03,29,13,0.0,1017,36
216,2016-08-04,29,4,0.0,1016,40
217,2016-08-05,28,7,0.0,1016,38
218,2016-08-06,28,7,0.0,1015,39
219,2016-08-07,28,10,0.0,1014,37
220,2016-08-08,27,17,0.0,1013,35
221,2016-08-09,28,10,0.0,1014,37
222,2016-08-10,28,8,0.0,1015,37
223,2016-08-11,27,28,0.0,1016,32
224,2016-08-12,27,27,0.0,1013,28
225,2016-08-13,26,22,0.0,1015,30
226,2016-08-14,26,18,0.0,1017,35
227,2016-08-15,27,19,0.0,1018,36
228,2016-08-16,27,18,0.0,1020,36
229,2016-08-17,27,12,0.0,1020,37
230,2016-08-18,27,12,0.0,1019,36
231,2016-08-19,27,8,0.0,1017,37
232,2016-08-20,28,10,0.0,1015,35
233,2016-08-21,27,7,0.0,1017,37
234,2016-08-22,27,6,0.0,1020,38
235,2016-08-23,28,2,0.0,1022,40
236,2016-08-24,28,6,0.0,1021,39
237,2016-08-25,29,12,0.8,1019,35
238,2016-08-26,28,18,0.0,1016,35
239,2016-08-27,28,18,0.0,1015,35
240,2016-08-28,28,15,0.0,1016,34
241,2016-08-29,28,16,0.0,1015,37
242,2016-08-30,29,19,0.0,1014,34
243,2016-08-31,28,15,0.0,1011,31
244,2016-09-01,28,19,0.0,1010,37
245,2016-09-02,28,9,0.0,1013,38
246,2016-09-03,28,5,0.0,1014,38
247,2016-09-04,27,5,0.0,1018,36
248,2016-09-05,27,6,0.0,1021,30
249,2016-09-06,26,4,0.0,1022,36
250,2016-09-07,27,15,0.0,1022,34
251,2016-09-08,26,8,0.0,1018,34
252,2016-09-09,27,9,0.0,1017,34
253,2016-09-10,27,6,0.0,1019,35
254,2016-09-11,27,6,0.0,1018,35
255,2016-09-12,26,13,0.0,1016,34
256,2016-09-13,27,17,0.0,1016,33
257,2016-09-14,27,17,0.0,1017,35
258,2016-09-15,27,19,0.0,1016,35
259,2016-09-16,27,14,0.0,1016,32
260,2016-09-17,26,12,0.0,1016,33
261,2016-09-18,25,0,0.0,1016,34
262,2016-09-19,27,10,0.0,1016,36
263,2016-09-20,28,10,0.0,1016,36
264,2016-09-21,28,12,0.0,1016,36
265,2016-09-22,27,8,0.0,1017,36
266,2016-09-23,26,4,0.0,1018,36
267,2016-09-24,27,6,0.0,1018,36
268,2016-09-25,26,3,0.0,1017,36
269,2016-09-26,26,6,0.0,1016,35
270,2016-09-27,27,10,0.0,1014,32
271,2016-09-28,26,6,0.0,1016,31
272,2016-09-29,26,13,0.0,1018,29
273,2016-09-30,23,11,0.0,1019,26
274,2016-10-01,22,9,0.0,1018,28
275,2016-10-02,23,12,0.0,1017,28
276,2016-10-03,23,15,0.0,1014,28
277,2016-10-04,23,13,0.0,1013,32
278,2016-10-05,25,21,0.0,1015,32
279,2016-10-06,25,16,0.0,1014,31
280,2016-10-07,25,15,0.0,1015,31
281,2016-10-08,26,17,0.0,1017,29
282,2016-10-09,23,13,0.0,1020,24
283,2016-10-10,22,15,0.0,1021,29
284,2016-10-11,23,17,0.0,1023,28
285,2016-10-12,23,12,0.0,1020,29
286,2016-10-13,22,10,0.0,1021,29
287,2016-10-14,22,8,0.0,1021,31
288,2016-10-15,24,15,0.0,1020,30
289,2016-10-16,24,11,0.0,1018,31
290,2016-10-17,24,4,0.0,1015,32
291,2016-10-18,25,6,0.0,1015,32
292,2016-10-19,25,11,0.0,1017,31
293,2016-10-20,24,4,0.0,1016,31
294,2016-10-21,22,29,0.0,1019,24
295,2016-10-22,19,15,0.0,1022,20
296,2016-10-23,16,10,0.0,1024,25
297,2016-10-24,19,6,0.0,1025,25
298,2016-10-25,18,6,0.0,1023,26
299,2016-10-26,20,10,0.0,1022,27
300,2016-10-27,22,17,0.0,1023,27
301,2016-10-28,22,19,0.0,1022,27
302,2016-10-29,21,15,0.0,1021,27
303,2016-10-30,21,10,0.0,1021,29
304,2016-10-31,21,5,0.0,1019,31
305,2016-11-01,21,21,0.0,1020,28
306,2016-11-02,23,18,0.0,1022,29
307,2016-11-03,23,12,0.0,1023,28
308,2016-11-04,23,7,0.0,1022,30
309,2016-11-05,23,12,0.0,1022,26
310,2016-11-06,23,18,0.0,1022,25
311,2016-11-07,22,18,0.0,1021,26
312,2016-11-08,22,17,0.0,1020,25
313,2016-11-09,20,21,0.0,1020,21
314,2016-11-10,19,11,0.0,1023,20
315,2016-11-11,17,11,0.0,1021,19
316,2016-11-12,16,9,0.0,1021,21
317,2016-11-13,17,12,0.0,1021,18
318,2016-11-14,17,9,0.0,1019,24
319,2016-11-15,16,4,0.0,1016,25
320,2016-11-16,19,7,0.0,1018,25
321,2016-11-17,17,14,0.0,1019,25
322,2016-11-18,19,5,0.0,1021,25
323,2016-11-19,20,30,0.0,1028,15
324,2016-11-20,12,12,0.0,1028,14
325,2016-11-21,11,5,0.0,1024,20
326,2016-11-22,12,12,0.0,1021,20
327,2016-11-23,17,17,0.0,1021,25
328,2016-11-24,20,2,0.0,1023,26
329,2016-11-25,18,9,0.0,1025,24
330,2016-11-26,17,14,0.0,1027,16
331,2016-11-27,13,8,0.0,1020,18
332,2016-11-28,17,32,0.0,1007,25
333,2016-11-29,22,28,0.0,1008,27
334,2016-11-30,22,23,0.0,1012,19
335,2016-12-01,15,13,0.0,1020,15
336,2016-12-02,14,22,0.0,1022,17
337,2016-12-03,17,30,0.0,1018,19
338,2016-12-04,19,7,0.0,1013,25
339,2016-12-05,18,18,0.0,1009,17
340,2016-12-06,20,16,0.0,1014,17
341,2016-12-07,13,5,0.0,1019,16
342,2016-12-08,16,30,0.0,1027,11
343,2016-12-09,9,19,0.0,1033,8
344,2016-12-10,7,18,0.0,1032,10
345,2016-12-11,9,15,0.0,1022,18
346,2016-12-12,16,14,0.0,1018,25
347,2016-12-13,19,18,0.0,1016,25
348,2016-12-14,18,5,0.0,1018,17
349,2016-12-15,13,19,0.0,1026,11
350,2016-12-16,10,11,0.0,1020,18
351,2016-12-17,19,27,0.0,1014,25
352,2016-12-18,21,36,0.0,1024,9
353,2016-12-19,5,23,0.0,1032,5
354,2016-12-20,5,10,0.0,1031,9
355,2016-12-21,9,5,0.0,1025,16
356,2016-12-22,14,2,0.0,1024,17
357,2016-12-23,15,9,0.0,1024,19
358,2016-12-24,17,10,0.0,1023,24
359,2016-12-25,18,17,0.0,1022,24
360,2016-12-26,19,14,0.0,1025,25
361,2016-12-27,19,5,0.0,1024,25
362,2016-12-28,19,7,0.0,1020,25
363,2016-12-29,20,33,0.0,1023,18
364,2016-12-30,12,14,0.0,1029,12
365,2016-12-31,12,18,0.0,1017,19
366,2017-01-01,21,22,0.0,1015,25
367,2017-01-02,21,36,0.0,1012,26
368,2017-01-03,18,7,0.0,1015,20
369,2017-01-04,15,17,0.0,1018,15
370,2017-01-05,15,4,0.0,1014,18
371,2017-01-06,8,36,0.0,1017,6
372,2017-01-07,1,32,0.0,1035,2
373,2017-01-08,3,15,0.0,1040,5
374,2017-01-09,11,15,0.0,1034,15
375,2017-01-10,17,26,0.0,1024,20
376,2017-01-11,18,23,0.0,1023,21
377,2017-01-12,18,17,0.0,1025,21
378,2017-01-13,18,14,0.0,1030,21
379,2017-01-14,17,10,0.0,1029,20
380,2017-01-15,18,14,0.0,1024,20
381,2017-01-16,19,19,0.0,1021,24
382,2017-01-17,20,16,0.0,1021,25
383,2017-01-18,20,12,0.0,1020,25
384,2017-01-19,20,26,0.0,1013,25
385,2017-01-20,20,11,0.0,1011,25
386,2017-01-21,21,8,0.0,1005,25
387,2017-01-22,18,32,0.0,999,19
388,2017-01-23,15,22,0.0,1011,16
389,2017-01-24,16,12,0.0,1014,18
390,2017-01-25,19,15,0.0,1012,25
391,2017-01-26,14,17,0.0,1021,13
392,2017-01-27,10,17,0.0,1025,10
393,2017-01-28,10,10,0.0,1025,11
394,2017-01-29,12,27,0.0,1022,16
395,2017-01-30,14,13,0.0,1024,18
396,2017-01-31,16,15,0.0,1022,20
397,2017-02-01,17,14,0.0,1021,20
398,2017-02-02,18,1,0.0,1023,21
399,2017-02-03,15,20,0.0,1026,14
400,2017-02-04,11,10,0.0,1027,12
401,2017-02-05,16,12,0.0,1022,21
402,2017-02-06,18,13,0.0,1021,20
403,2017-02-07,20,37,0.0,1011,25
404,2017-02-08,21,25,0.0,1010,26
405,2017-02-09,16,11,0.0,1025,16
406,2017-02-10,16,18,0.0,1027,20
407,2017-02-11,20,18,0.0,1022,25
408,2017-02-12,20,5,0.0,1023,25
409,2017-02-13,19,7,0.0,1022,19
410,2017-02-14,20,15,0.0,1014,25
411,2017-02-15,14,24,0.0,1015,12
412,2017-02-16,13,5,0.0,1021,17
413,2017-02-17,13,11,0.0,1019,16
414,2017-02-18,18,3,0.0,1013,24
415,2017-02-19,19,9,0.0,1018,24
416,2017-02-20,20,17,0.0,1018,25
417,2017-02-21,18,8,0.0,1014,19
418,2017-02-22,18,15,0.0,1011,20
419,2017-02-23,19,5,0.0,1010,25
420,2017-02-24,20,16,0.0,1011,25
421,2017-02-25,18,19,0.0,1018,18
422,2017-02-26,16,22,0.0,1022,18
423,2017-02-27,21,24,0.0,1020,25
424,2017-02-28,22,25,0.0,1021,27
425,2017-03-01,23,18,0.0,1018,27
426,2017-03-02,16,26,0.0,1027,16
427,2017-03-03,16,22,0.0,1034,18
428,2017-03-04,16,24,0.0,1032,19
429,2017-03-05,19,21,0.0,1027,24
430,2017-03-06,20,28,0.0,1023,25
431,2017-03-07,22,23,0.0,1022,26
432,2017-03-08,18,14,0.0,1027,19
433,2017-03-09,20,5,0.0,1024,25
434,2017-03-10,21,4,0.0,1021,25
435,2017-03-11,20,18,0.0,1021,24
436,2017-03-12,15,23,0.0,1022,13
437,2017-03-13,15,14,0.0,1016,17
438,2017-03-14,12,19,0.0,1024,12
439,2017-03-15,10,12,0.0,1030,10
440,2017-03-16,13,8,0.0,1030,16
441,2017-03-17,18,14,0.0,1028,21
442,2017-03-18,19,10,0.0,1027,25
443,2017-03-19,20,3,0.0,1026,25
444,2017-03-20,21,6,0.0,1024,25
445,2017-03-21,21,13,0.0,1022,25
446,2017-03-22,21,12,0.0,1022,25
447,2017-03-23,22,19,0.0,1023,26
448,2017-03-24,22,30,0.0,1022,26
449,2017-03-25,23,25,0.0,1018,26
450,2017-03-26,23,10,0.0,1018,27
451,2017-03-27,23,25,0.0,1016,28
452,2017-03-28,23,12,0.0,1016,28
453,2017-03-29,24,19,0.0,1015,28
454,2017-03-30,22,9,0.0,1012,20
455,2017-03-31,22,5,0.0,1014,27
456,2017-04-01,22,19,0.0,1017,27
457,2017-04-02,23,28,0.0,1013,27
458,2017-04-03,24,13,0.0,1009,26
459,2017-04-04,23,11,0.0,1010,28
460,2017-04-05,25,22,0.0,1010,31
461,2017-04-06,19,24,0.0,1021,20
462,2017-04-07,18,10,0.0,1023,20
463,2017-04-08,19,6,0.0,1021,25
464,2017-04-09,20,19,0.0,1020,25
465,2017-04-10,21,15,0.0,1022,25
466,2017-04-11,22,15,0.0,1023,26
467,2017-04-12,22,12,0.0,1023,27
468,2017-04-13,22,13,0.0,1023,27
469,2017-04-14,22,26,0.0,1022,27
470,2017-04-15,23,23,0.0,1022,27
471,2017-04-16,23,17,0.0,1021,27
472,2017-04-17,23,17,0.0,1020,26
473,2017-04-18,23,16,0.0,1020,27
474,2017-04-19,24,21,0.0,1021,28
475,2017-04-20,24,17,0.0,1020,28
476,2017-04-21,24,14,0.0,1015,28
477,2017-04-22,24,7,0.0,1013,30
478,2017-04-23,19,23,0.0,1014,18
479,2017-04-24,19,21,0.0,1012,24
480,2017-04-25,21,15,0.0,1010,25
481,2017-04-26,24,28,0.0,1006,28
482,2017-04-27,23,4,0.0,1010,28
483,2017-04-28,26,29,0.0,1012,32
484,2017-04-29,26,33,0.0,1014,32
485,2017-04-30,25,31,0.0,1012,27
486,2017-05-01,22,8,0.0,1017,26
487,2017-05-02,23,8,0.0,1018,29
488,2017-05-03,22,11,0.0,1015,25
489,2017-05-04,19,28,0.0,1009,18
490,2017-05-05,19,34,0.0,1012,24
491,2017-05-06,20,8,0.0,1016,26
492,2017-05-07,22,1,0.0,1018,29
493,2017-05-08,22,5,0.0,1019,30
494,2017-05-09,23,3,0.0,1020,32
495,2017-05-10,23,8,0.0,1019,28
496,2017-05-11,24,5,0.0,1017,29
497,2017-05-12,24,17,0.0,1010,27
498,2017-05-13,22,15,0.0,1011,25
499,2017-05-14,23,4,0.0,1015,31
500,2017-05-15,25,7,0.0,1016,33
501,2017-05-16,25,19,0.0,1016,29
502,2017-05-17,26,20,0.0,1016,31
503,2017-05-18,27,22,0.0,1015,32
504,2017-05-19,27,21,0.0,1015,33
505,2017-05-20,27,18,0.0,1015,34
506,2017-05-21,27,15,0.0,1018,30
507,2017-05-22,24,5,0.0,1017,28
508,2017-05-23,26,16,0.0,1008,29
509,2017-05-24,23,23,0.0,1007,25
510,2017-05-25,23,11,0.0,1013,26
511,2017-05-26,25,17,0.0,1017,30
512,2017-05-27,27,13,0.0,1018,34
513,2017-05-28,28,4,0.0,1018,35
514,2017-05-29,26,3,0.0,1017,31
515,2017-05-30,25,17,0.0,1020,27
516,2017-05-31,26,6,0.0,1018,31
517,2017-06-01,26,16,0.0,1018,30
518,2017-06-02,26,19,0.0,1015,30
519,2017-06-03,27,18,0.0,1015,31
520,2017-06-04,27,17,0.0,1013,31
521,2017-06-05,26,13,0.0,1009,31
522,2017-06-06,25,15,0.0,1006,28
523,2017-06-07,26,18,0.0,1009,30
524,2017-06-08,25,12,0.0,1013,28
525,2017-06-09,25,12,0.0,1014,29
526,2017-06-10,26,12,0.0,1016,30
527,2017-06-11,27,20,0.0,1017,34
528,2017-06-12,27,10,0.0,1018,32
529,2017-06-13,27,6,0.0,1017,33
530,2017-06-14,28,2,0.0,1018,36
531,2017-06-15,28,6,0.0,1017,38
532,2017-06-16,28,4,0.0,1014,35
533,2017-06-17,28,12,0.0,1013,34
534,2017-06-18,28,10,0.0,1013,35
535,2017-06-19,28,12,0.0,1014,35
536,2017-06-20,25,32,0.0,1013,27
537,2017-06-21,27,37,0.0,1008,31
538,2017-06-22,28,42,0.0,1011,36
539,2017-06-23,28,26,0.0,1014,36
540,2017-06-24,28,5,0.0,1018,36
541,2017-06-25,28,12,0.0,1020,33
542,2017-06-26,27,14,0.0,1019,31
543,2017-06-27,27,7,0.0,1017,31
544,2017-06-28,27,15,0.0,1017,31
545,2017-06-29,27,14,0.0,1017,31
546,2017-06-30,29,13,0.0,1018,37
547,2017-07-01,29,6,0.0,1020,39
548,2017-07-02,28,8,0.0,1022,37
549,2017-07-03,29,6,0.0,1020,37
550,2017-07-04,29,2,0.0,1019,38
551,2017-07-05,29,5,0.0,1020,37
552,2017-07-06,29,1,0.0,1020,36
553,2017-07-07,29,5,0.0,1020,36
554,2017-07-08,29,8,0.0,1019,35
555,2017-07-09,29,6,0.0,1018,36
556,2017-07-10,28,5,0.0,1018,35
557,2017-07-11,28,8,0.0,1018,34
558,2017-07-12,28,10,0.0,1020,36
559,2017-07-13,29,8,0.0,1021,36
560,2017-07-14,28,10,0.0,1019,35
561,2017-07-15,28,7,0.0,1017,35
562,2017-07-16,28,8,0.0,1015,34
563,2017-07-17,28,10,0.0,1015,33
564,2017-07-18,28,7,0.0,1018,35
565,2017-07-19,30,6,0.0,1020,38
566,2017-07-20,31,7,0.0,1019,40
567,2017-07-21,30,5,0.0,1017,39
568,2017-07-22,29,6,0.0,1017,38
569,2017-07-23,28,14,0.0,1016,33
570,2017-07-24,29,18,0.0,1018,36
571,2017-07-25,29,15,0.0,1021,36
572,2017-07-26,30,8,0.0,1020,38
573,2017-07-27,31,9,0.0,1018,38
574,2017-07-28,31,12,0.0,1015,38
575,2017-07-29,29,19,0.0,1013,33
576,2017-07-30,29,11,0.0,1014,34
577,2017-07-31,29,23,0.0,1015,35
578,2017-08-01,29,17,0.0,1017,33
579,2017-08-02,28,14,0.0,1017,34
580,2017-08-03,27,15,0.4,1018,29
581,2017-08-04,28,6,0.0,1017,34
582,2017-08-05,28,10,0.0,1018,34
583,2017-08-06,29,11,0.0,1016,36
584,2017-08-07,29,11,0.0,1016,39
585,2017-08-08,29,2,0.0,1016,39
586,2017-08-09,29,9,0.0,1018,38
587,2017-08-10,29,10,0.0,1020,36
588,2017-08-11,29,12,0.0,1019,37
589,2017-08-12,29,9,0.0,1016,36
590,2017-08-13,30,6,0.0,1015,39
591,2017-08-14,30,6,0.0,1014,39
592,2017-08-15,29,10,0.0,1016,35
593,2017-08-16,30,8,0.0,1018,40
594,2017-08-17,30,6,0.0,1019,40
595,2017-08-18,31,9,0.0,1017,39
596,2017-08-19,30,8,0.0,1016,39
597,2017-08-20,30,10,0.0,1017,39
598,2017-08-21,30,13,0.0,1019,37
599,2017-08-22,29,13,0.0,1019,36
600,2017-08-23,29,8,0.0,1014,35
601,2017-08-24,29,14,0.0,1012,36
602,2017-08-25,30,15,0.0,1015,37
603,2017-08-26,31,7,0.0,1015,40
604,2017-08-27,29,18,0.0,1014,33
605,2017-08-28,28,22,0.0,1012,31
606,2017-08-29,27,22,0.0,1011,31
607,2017-08-30,28,36,0.0,1008,35
608,2017-08-31,29,32,0.0,1013,35
609,2017-09-01,28,7,0.0,1016,33
610,2017-09-02,28,6,0.0,1018,34
611,2017-09-03,28,11,0.0,1019,33
612,2017-09-04,28,6,0.0,1018,34
613,2017-09-05,29,0,0.0,1016,35
614,2017-09-06,26,18,0.0,1016,28
615,2017-09-07,25,18,0.0,1019,26
616,2017-09-08,25,15,0.0,1018,27
617,2017-09-09,26,22,0.0,1017,29
618,2017-09-10,25,17,0.0,1016,28
619,2017-09-11,24,23,0.0,1011,26
620,2017-09-12,24,15,0.0,1010,26
621,2017-09-13,25,6,0.0,1012,29
622,2017-09-14,26,6,0.0,1014,34
623,2017-09-15,28,15,0.0,1015,34
624,2017-09-16,28,9,0.0,1017,36
625,2017-09-17,28,9,0.0,1018,35
626,2017-09-18,29,3,0.0,1017,38
627,2017-09-19,28,4,0.0,1016,37
628,2017-09-20,28,2,0.0,1016,36
629,2017-09-21,28,7,0.0,1016,36
630,2017-09-22,29,8,0.0,1015,36
631,2017-09-23,28,17,0.0,1014,34
632,2017-09-24,28,18,0.0,1014,32
633,2017-09-25,27,16,0.0,1012,31
634,2017-09-26,28,8,0.0,1013,34
635,2017-09-27,28,7,0.0,1014,35
636,2017-09-28,28,9,0.0,1014,35
637,2017-09-29,28,10,0.0,1015,34
638,2017-09-30,28,8,0.0,1016,33
639,2017-10-01,27,23,0.0,1015,31
640,2017-10-02,26,24,0.0,1017,31
641,2017-10-03,27,30,0.0,1022,31
642,2017-10-04,26,22,0.0,1023,28
643,2017-10-05,26,19,0.0,1018,29
644,2017-10-06,27,25,0.0,1014,31
645,2017-10-07,27,25,0.0,1008,32
646,2017-10-08,27,7,0.0,1007,35
647,2017-10-09,28,3,0.0,1012,35
648,2017-10-10,28,4,0.0,1017,37
649,2017-10-11,28,4,0.0,1018,37
650,2017-10-12,28,10,0.0,1017,33
651,2017-10-13,28,10,0.0,1018,33
652,2017-10-14,27,20,0.0,1019,34
653,2017-10-15,27,8,0.0,1018,34
654,2017-10-16,23,25,0.0,1020,25
655,2017-10-17,20,13,0.0,1022,21
656,2017-10-18,23,17,0.0,1022,26
657,2017-10-19,24,20,0.0,1021,28
658,2017-10-20,25,22,0.0,1020,28
659,2017-10-21,26,22,0.0,1017,31
660,2017-10-22,25,25,0.0,1018,27
661,2017-10-23,20,21,0.0,1018,24
662,2017-10-24,20,27,0.0,1020,24
663,2017-10-25,17,18,0.0,1020,18
664,2017-10-26,19,5,0.0,1017,24
665,2017-10-27,22,8,0.0,1014,26
666,2017-10-28,15,24,0.0,1015,14
667,2017-10-29,13,13,0.0,1017,14
668,2017-10-30,17,8,0.0,1019,24
669,2017-10-31,20,7,0.0,1020,26
670,2017-11-01,23,22,0.0,1017,27
671,2017-11-02,24,16,0.0,1019,29
672,2017-11-03,24,3,0.0,1021,29
673,2017-11-04,24,5,0.0,1019,29
674,2017-11-05,24,6,0.0,1019,29
675,2017-11-06,24,1,0.0,1019,29
676,2017-11-07,24,6,0.0,1019,28
677,2017-11-08,22,13,0.0,1018,25
678,2017-11-09,16,20,0.0,1021,17
679,2017-11-10,17,18,0.0,1023,19
680,2017-11-11,18,15,0.0,1022,20
681,2017-11-12,20,21,0.0,1022,21
682,2017-11-13,19,17,0.0,1024,24
683,2017-11-14,18,9,0.0,1021,21
684,2017-11-15,20,14,0.0,1019,25
685,2017-11-16,20,5,0.0,1020,25
686,2017-11-17,21,10,0.0,1019,25
687,2017-11-18,23,22,0.0,1012,27
688,2017-11-19,15,24,0.0,1022,15
689,2017-11-20,13,6,0.0,1022,16
690,2017-11-21,18,7,0.0,1016,24
691,2017-11-22,17,22,0.0,1019,17
692,2017-11-23,12,19,0.0,1018,14
693,2017-11-24,13,5,0.0,1017,17
694,2017-11-25,15,7,0.0,1018,19
695,2017-11-26,17,13,0.0,1022,18
696,2017-11-27,16,15,0.0,1022,18
697,2017-11-28,18,14,0.0,1022,24
698,2017-11-29,20,9,0.0,1022,25
699,2017-11-30,21,9,0.0,1020,25
700,2017-12-01,19,6,0.0,1020,21
701,2017-12-02,17,6,0.0,1021,17
702,2017-12-03,18,10,0.0,1022,20
703,2017-12-04,21,13,0.0,1019,25
704,2017-12-05,22,15,0.0,1019,27
705,2017-12-06,10,27,0.0,1024,9
706,2017-12-07,9,27,0.0,1023,9
707,2017-12-08,5,26,0.0,1019,4
708,2017-12-09,6,17,0.0,1024,8
709,2017-12-10,10,3,0.0,1029,17
710,2017-12-11,13,14,0.0,1024,17
711,2017-12-12,14,20,0.0,1021,15
712,2017-12-13,12,10,0.0,1021,14
713,2017-12-14,14,4,0.0,1016,17
714,2017-12-15,11,18,0.0,1024,9
715,2017-12-16,11,14,0.0,1024,12
716,2017-12-17,19,9,0.0,1020,20
717,2017-12-18,19,13,0.0,1023,21
718,2017-12-19,20,3,0.0,1022,24
719,2017-12-20,21,17,0.0,1016,21
720,2017-12-21,18,7,0.0,1018,24
721,2017-12-22,21,17,0.0,1018,26
722,2017-12-23,18,13,0.0,1019,19
723,2017-12-24,13,7,0.0,1022,16
724,2017-12-25,9,19,0.0,1029,8
725,2017-12-26,12,17,0.0,1026,12
726,2017-12-27,9,27,0.0,1028,8
727,2017-12-28,7,16,0.0,1028,6
728,2017-12-29,9,9,0.0,1027,9
729,2017-12-30,13,5,0.0,1023,16
730,2017-12-31,9,30,0.0,1023,9
731,2018-01-01,1,29,0.0,1035,0
732,2018-01-02,0,15,0.0,1034,-0
733,2018-01-03,4,21,0.0,1026,4
734,2018-01-04,5,10,0.0,1027,5
735,2018-01-05,6,6,0.0,1030,7
736,2018-01-06,9,14,0.0,1030,12
737,2018-01-07,15,26,0.0,1024,17
738,2018-01-08,16,12,0.0,1012,17
739,2018-01-09,13,14,0.0,1019,13
740,2018-01-10,17,20,0.0,1017,20
741,2018-01-11,18,9,0.0,1011,20
742,2018-01-12,9,31,0.0,1015,7
743,2018-01-13,4,20,0.0,1031,4
744,2018-01-14,4,11,0.0,1034,4
745,2018-01-15,9,8,0.0,1030,14
746,2018-01-16,7,26,0.0,1031,8
747,2018-01-17,-2,24,0.0,1037,-2
748,2018-01-18,1,11,0.0,1034,2
749,2018-01-19,7,9,0.0,1027,11
750,2018-01-20,14,15,0.0,1024,18
751,2018-01-21,16,16,0.0,1020,20
752,2018-01-22,18,17,0.0,1014,20
753,2018-01-23,13,16,0.0,1022,15
754,2018-01-24,10,12,0.0,1029,10
755,2018-01-25,11,16,0.0,1032,13
756,2018-01-26,14,23,0.0,1028,18
757,2018-01-27,17,15,0.0,1022,17
758,2018-01-28,15,16,0.0,1020,16
759,2018-01-29,13,21,0.0,1025,15
760,2018-01-30,9,18,0.0,1030,8
761,2018-01-31,12,6,0.0,1024,17
762,2018-02-01,16,10,0.0,1020,19
763,2018-02-02,12,24,0.0,1029,10
764,2018-02-03,11,16,0.0,1024,13
765,2018-02-04,17,15,0.0,1015,18
766,2018-02-05,14,11,0.0,1022,16
767,2018-02-06,18,13,0.0,1022,19
768,2018-02-07,17,17,0.0,1022,21
769,2018-02-08,12,17,0.0,1029,13
770,2018-02-09,17,9,0.0,1023,21
771,2018-02-10,19,17,0.0,1016,24
772,2018-02-11,19,9,0.0,1015,25
773,2018-02-12,11,19,0.0,1027,10
774,2018-02-13,15,12,0.0,1030,19
775,2018-02-14,20,14,0.0,1028,25
776,2018-02-15,21,17,0.0,1024,25
777,2018-02-16,21,14,0.0,1022,25
778,2018-02-17,21,17,0.0,1021,26
779,2018-02-18,20,3,0.0,1022,25
780,2018-02-19,22,20,0.0,1021,26
781,2018-02-20,23,23,0.0,1022,27
782,2018-02-21,23,26,0.0,1023,27
783,2018-02-22,23,20,0.0,1026,27
784,2018-02-23,23,13,0.0,1024,26
785,2018-02-24,23,24,0.0,1018,27
786,2018-02-25,21,24,0.0,1019,20
787,2018-02-26,20,13,0.0,1023,21
788,2018-02-27,21,19,0.0,1023,25
789,2018-02-28,23,18,0.0,1017,27
790,2018-03-01,23,24,0.0,1015,27
791,2018-03-02,18,15,0.0,1025,19
792,2018-03-03,17,13,0.0,1025,19
793,2018-03-04,18,13,0.0,1022,24
794,2018-03-05,21,10,0.0,1017,25
795,2018-03-06,18,16,0.0,1015,15
796,2018-03-07,14,18,0.0,1022,13
797,2018-03-08,13,9,0.0,1024,14
798,2018-03-09,15,12,0.0,1021,18
799,2018-03-10,19,9,0.0,1014,25
800,2018-03-11,18,24,0.0,1013,18
801,2018-03-12,14,26,0.0,1022,14
802,2018-03-13,13,12,0.0,1024,14
803,2018-03-14,14,10,0.0,1025,16
804,2018-03-15,15,5,0.0,1022,19
805,2018-03-16,19,11,0.0,1017,21
806,2018-03-17,21,10,0.0,1016,26
807,2018-03-18,22,19,0.0,1012,26
808,2018-03-19,23,21,0.0,1007,27
809,2018-03-20,18,25,0.0,1011,18
810,2018-03-21,16,19,0.0,1021,17
811,2018-03-22,16,7,0.0,1029,20
812,2018-03-23,18,17,0.0,1026,21
813,2018-03-24,21,26,0.0,1018,26
814,2018-03-25,22,12,0.0,1017,26
815,2018-03-26,22,23,0.0,1020,26
816,2018-03-27,22,19,0.0,1021,25
817,2018-03-28,23,23,0.0,1017,26
818,2018-03-29,20,27,0.0,1014,18
819,2018-03-30,19,11,0.0,1023,20
820,2018-03-31,19,16,0.0,1024,20
821,2018-04-01,19,7,0.0,1020,25
822,2018-04-02,22,5,0.0,1017,26
823,2018-04-03,23,24,0.0,1014,28
824,2018-04-04,20,24,0.0,1022,19
825,2018-04-05,17,13,0.0,1022,20
826,2018-04-06,20,13,0.0,1015,25
827,2018-04-07,19,8,0.0,1011,25
828,2018-04-08,12,10,0.0,1014,13
829,2018-04-09,17,14,0.0,1015,18
830,2018-04-10,19,17,0.0,1022,24
831,2018-04-11,18,5,0.0,1024,24
832,2018-04-12,20,13,0.0,1020,25
833,2018-04-13,22,23,0.0,1014,27
834,2018-04-14,21,12,0.0,1011,24
835,2018-04-15,14,30,0.0,1016,14
836,2018-04-16,16,19,0.0,1024,18
837,2018-04-17,19,13,0.0,1021,25
838,2018-04-18,22,12,0.0,1018,26
839,2018-04-19,21,14,0.0,1022,24
840,2018-04-20,16,10,0.0,1024,18
841,2018-04-21,20,12,0.0,1020,25
842,2018-04-22,22,27,0.0,1012,26
843,2018-04-23,19,18,0.0,1016,21
844,2018-04-24,21,15,0.0,1016,25
845,2018-04-25,22,12,0.0,1017,25
846,2018-04-26,20,17,0.0,1013,24
847,2018-04-27,19,15,0.0,1017,24
848,2018-04-28,21,5,0.0,1018,26
849,2018-04-29,22,11,0.0,1022,26
850,2018-04-30,22,11,0.0,1022,26
851,2018-05-01,23,21,0.0,1021,27
852,2018-05-02,24,19,0.0,1023,28
853,2018-05-03,24,14,0.0,1022,27
854,2018-05-04,24,5,0.0,1021,30
855,2018-05-05,23,18,0.0,1018,27
856,2018-05-06,24,12,0.0,1018,28
857,2018-05-07,26,9,0.0,1020,30
858,2018-05-08,26,8,0.0,1019,30
859,2018-05-09,26,4,0.0,1019,31
860,2018-05-10,26,6,0.0,1020,35
861,2018-05-11,26,13,0.0,1019,30
862,2018-05-12,26,15,0.0,1019,31
863,2018-05-13,27,6,0.0,1019,33
864,2018-05-14,28,11,0.0,1015,34
865,2018-05-15,29,10,0.0,1013,35
866,2018-05-16,29,9,0.0,1012,35
867,2018-05-17,29,11,0.0,1012,34
868,2018-05-18,27,10,0.0,1012,34
869,2018-05-19,28,9,0.0,1016,36
870,2018-05-20,28,10,0.0,1018,36
871,2018-05-21,27,13,0.0,1017,31
872,2018-05-22,28,6,0.0,1017,34
873,2018-05-23,28,9,0.0,1018,34
874,2018-05-24,28,11,0.0,1018,33
875,2018-05-25,27,11,0.0,1016,29
876,2018-05-26,27,10,0.0,1012,32
877,2018-05-27,28,14,0.0,1010,32
878,2018-05-28,28,19,0.0,1008,33
879,2018-05-29,29,7,0.0,1008,37
880,2018-05-30,29,10,0.0,1012,35
881,2018-05-31,29,9,0.0,1015,36
882,2018-06-01,29,12,0.0,1015,36
883,2018-06-02,29,12,0.0,1014,38
884,2018-06-03,30,13,0.0,1016,37
885,2018-06-04,29,6,0.0,1016,37
886,2018-06-05,28,12,0.0,1013,33
887,2018-06-06,27,10,0.0,1014,30
888,2018-06-07,29,8,0.0,1017,34
889,2018-06-08,29,8,0.0,1019,36
890,2018-06-09,29,1,0.0,1020,42
891,2018-06-10,29,13,0.0,1017,33
892,2018-06-11,28,11,0.0,1016,35
893,2018-06-12,29,7,0.0,1017,38
894,2018-06-13,28,4,0.0,1019,36
895,2018-06-14,29,2,0.0,1018,35
896,2018-06-15,29,4,0.0,1017,34
897,2018-06-16,29,10,0.0,1016,35
898,2018-06-17,29,24,0.0,1019,35
899,2018-06-18,28,8,0.0,1020,32
900,2018-06-19,29,20,0.0,1016,37
901,2018-06-20,30,14,0.0,1014,38
902,2018-06-21,29,15,0.0,1014,36
903,2018-06-22,30,17,0.0,1014,38
904,2018-06-23,30,14,0.0,1015,38
905,2018-06-24,30,13,0.0,1017,39
906,2018-06-25,31,8,0.0,1019,38
907,2018-06-26,30,5,0.0,1019,38
908,2018-06-27,30,7,0.0,1017,38
909,2018-06-28,30,10,0.0,1017,39
910,2018-06-29,30,12,0.0,1017,39
911,2018-06-30,30,5,0.0,1017,41
912,2018-07-01,30,8,0.0,1016,39
913,2018-07-02,29,12,0.0,1016,36
914,2018-07-03,27,6,0.0,1015,32
915,2018-07-04,29,13,0.0,1019,36
916,2018-07-05,29,16,0.0,1020,34
917,2018-07-06,28,13,0.0,1020,33
918,2018-07-07,28,1,0.0,1018,35
919,2018-07-08,28,12,0.0,1020,33
920,2018-07-09,29,10,0.0,1023,36
921,2018-07-10,29,9,0.0,1020,36
922,2018-07-11,29,9,0.0,1017,36
923,2018-07-12,30,4,0.0,1018,39
924,2018-07-13,30,5,0.0,1020,37
925,2018-07-14,30,7,0.0,1019,39
926,2018-07-15,30,9,0.0,1018,38
927,2018-07-16,30,4,0.0,1018,37
928,2018-07-17,28,14,0.0,1018,34
929,2018-07-18,28,12,0.0,1016,33
930,2018-07-19,30,12,0.0,1014,38
931,2018-07-20,31,11,0.0,1015,41
932,2018-07-21,31,10,0.0,1016,40
933,2018-07-22,31,24,0.0,1012,40
934,2018-07-23,30,13,0.0,1010,39
935,2018-07-24,29,7,0.0,1014,35
936,2018-07-25,30,10,0.0,1015,34
937,2018-07-26,31,6,0.0,1015,37
938,2018-07-27,30,7,0.0,1017,40
939,2018-07-28,31,3,0.0,1018,40
940,2018-07-29,30,3,0.0,1017,36
941,2018-07-30,29,2,0.0,1016,38
942,2018-07-31,29,13,0.0,1016,34
943,2018-08-01,28,12,0.0,1015,33
944,2018-08-02,28,13,0.0,1015,33
945,2018-08-03,28,15,0.0,1018,33
946,2018-08-04,28,12,0.0,1020,33
947,2018-08-05,30,17,0.0,1021,37
948,2018-08-06,30,12,0.0,1021,37
949,2018-08-07,30,6,0.0,1019,38
950,2018-08-08,30,6,0.0,1019,38
951,2018-08-09,29,10,0.0,1018,37
952,2018-08-10,29,9,0.0,1018,35
953,2018-08-11,29,13,0.0,1018,35
954,2018-08-12,30,9,0.0,1019,37
955,2018-08-13,30,9,0.0,1019,37
956,2018-08-14,30,5,0.0,1017,39
957,2018-08-15,30,3,0.0,1017,39
958,2018-08-16,29,4,0.0,1019,37
959,2018-08-17,29,12,0.0,1020,36
960,2018-08-18,29,18,0.0,1018,35
961,2018-08-19,28,13,0.0,1016,34
962,2018-08-20,29,14,0.0,1018,36
963,2018-08-21,30,14,0.0,1018,39
964,2018-08-22,30,8,0.0,1019,37
965,2018-08-23,29,7,0.0,1018,34
966,2018-08-24,29,6,0.0,1016,35
967,2018-08-25,30,13,0.0,1019,36
968,2018-08-26,30,17,0.0,1020,37
969,2018-08-27,29,12,0.0,1018,36
970,2018-08-28,29,10,0.0,1019,35
971,2018-08-29,29,6,0.0,1019,35
972,2018-08-30,28,12,0.0,1018,33
973,2018-08-31,28,20,0.0,1016,33
974,2018-09-01,28,14,0.0,1015,33
975,2018-09-02,28,17,0.0,1017,32
976,2018-09-03,28,22,0.0,1018,35
977,2018-09-04,28,24,0.0,1016,33
978,2018-09-05,27,7,0.0,1016,34
979,2018-09-06,28,8,0.0,1018,33
980,2018-09-07,28,10,0.0,1017,34
981,2018-09-08,28,6,0.0,1014,36
982,2018-09-09,28,5,0.0,1012,37
983,2018-09-10,28,6,0.0,1014,35
984,2018-09-11,28,8,0.0,1016,35
985,2018-09-12,28,19,0.0,1017,36
986,2018-09-13,29,13,0.0,1017,36
987,2018-09-14,29,5,0.0,1015,39
988,2018-09-15,30,7,0.0,1014,40
989,2018-09-16,30,10,0.0,1012,40
990,2018-09-17,31,5,0.0,1014,43
991,2018-09-18,31,3,0.0,1014,44
992,2018-09-19,30,7,0.0,1015,40
993,2018-09-20,29,7,0.0,1017,38
994,2018-09-21,30,13,0.0,1017,37
995,2018-09-22,29,10,0.0,1016,36
996,2018-09-23,29,9,0.0,1014,36
997,2018-09-24,29,10,0.0,1015,35
998,2018-09-25,28,12,0.0,1017,35
999,2018-09-26,27,12,0.0,1017,32
1000,2018-09-27,26,3,0.0,1016,30
1001,2018-09-28,26,10,0.0,1019,32
1002,2018-09-29,27,12,0.0,1020,32
1003,2018-09-30,28,13,0.0,1020,34
1004,2018-10-01,28,15,0.0,1021,36
1005,2018-10-02,29,13,0.0,1020,35
1006,2018-10-03,28,14,0.0,1017,34
1007,2018-10-04,29,15,0.0,1018,35
1008,2018-10-05,28,17,0.0,1017,34
1009,2018-10-06,28,18,0.0,1017,35
1010,2018-10-07,28,22,0.0,1017,34
1011,2018-10-08,28,23,0.0,1014,32
1012,2018-10-09,28,28,0.0,1009,34
1013,2018-10-10,28,26,0.0,1008,34
1014,2018-10-11,25,18,0.0,1015,27
1015,2018-10-12,22,5,0.0,1015,27
1016,2018-10-13,25,10,0.0,1014,29
1017,2018-10-14,27,11,0.0,1015,33
1018,2018-10-15,28,14,0.0,1017,35
1019,2018-10-16,28,13,0.0,1018,35
1020,2018-10-17,25,17,0.0,1021,26
1021,2018-10-18,24,18,0.0,1024,26
1022,2018-10-19,26,9,0.0,1021,32
1023,2018-10-20,26,6,0.0,1017,32
1024,2018-10-21,20,19,0.0,1022,21
1025,2018-10-22,20,14,0.0,1021,25
1026,2018-10-23,21,14,0.0,1020,24
1027,2018-10-24,22,21,0.0,1018,25
1028,2018-10-25,24,13,0.0,1010,26
1029,2018-10-26,19,20,0.0,1012,20
1030,2018-10-27,19,11,0.0,1018,21
1031,2018-10-28,22,9,0.0,1021,29
1032,2018-10-29,24,8,0.0,1021,30
1033,2018-10-30,23,6,0.0,1019,30
1034,2018-10-31,25,24,0.0,1016,29
1035,2018-11-01,22,12,0.0,1009,25
1036,2018-11-02,16,26,0.0,1017,17
1037,2018-11-03,19,12,0.0,1021,24
1038,2018-11-04,22,20,0.0,1018,26
1039,2018-11-05,23,16,0.0,1014,28
1040,2018-11-06,25,7,0.0,1014,30
1041,2018-11-07,25,14,0.0,1014,29
1042,2018-11-08,23,10,0.0,1016,26
1043,2018-11-09,19,30,0.0,1018,20
1044,2018-11-10,12,22,0.0,1026,12
1045,2018-11-11,14,13,0.0,1022,15
1046,2018-11-12,20,18,0.0,1013,26
1047,2018-11-13,11,28,0.0,1023,9
1048,2018-11-14,6,22,0.0,1027,6
1049,2018-11-15,8,15,0.0,1025,8
1050,2018-11-16,12,4,0.0,1025,16
1051,2018-11-17,14,4,0.0,1024,18
1052,2018-11-18,17,6,0.0,1023,24
1053,2018-11-19,17,4,0.0,1021,20
1054,2018-11-20,15,19,0.0,1023,14
1055,2018-11-21,13,13,0.0,1026,13
1056,2018-11-22,14,12,0.0,1025,14
1057,2018-11-23,17,12,0.0,1016,19
1058,2018-11-24,19,3,0.0,1012,20
1059,2018-11-25,20,18,0.0,1010,24
1060,2018-11-26,12,17,0.0,1020,11
1061,2018-11-27,9,17,0.0,1024,10
1062,2018-11-28,12,7,0.0,1021,15
1063,2018-11-29,19,22,0.0,1018,20
1064,2018-11-30,21,19,0.0,1015,25
1065,2018-12-01,23,22,0.0,1005,28
1066,2018-12-02,21,2,0.0,1010,26
1067,2018-12-03,19,17,0.0,1016,19
1068,2018-12-04,12,18,0.0,1024,12
1069,2018-12-05,10,10,0.0,1029,11
1070,2018-12-06,13,11,0.0,1029,15
1071,2018-12-07,18,22,0.0,1026,20
1072,2018-12-08,18,36,0.0,1015,24
1073,2018-12-09,9,27,0.0,1020,8
1074,2018-12-10,9,18,0.0,1025,11
1075,2018-12-11,9,4,0.0,1030,14
1076,2018-12-12,13,8,0.0,1023,16
1077,2018-12-13,17,22,0.0,1013,18
1078,2018-12-14,15,15,0.0,1012,15
1079,2018-12-15,12,17,0.0,1018,13
1080,2018-12-16,12,11,0.0,1025,12
1081,2018-12-17,13,6,0.0,1025,15
1082,2018-12-18,14,4,0.0,1021,17
1083,2018-12-19,16,13,0.0,1012,16
1084,2018-12-20,13,19,0.0,1003,13
1085,2018-12-21,11,23,0.0,1012,12
1086,2018-12-22,13,14,0.0,1021,16
1087,2018-12-23,17,14,0.0,1023,20
1088,2018-12-24,13,12,0.0,1025,14
1089,2018-12-25,17,15,0.0,1024,19
1090,2018-12-26,18,20,0.0,1022,18
1091,2018-12-27,20,30,0.0,1012,24
1092,2018-12-28,18,9,0.0,1016,18
1093,2018-12-29,15,17,0.0,1020,14
1094,2018-12-30,18,7,0.0,1018,19
1095,2018-12-31,21,31,0.0,1013,25
1096,2019-01-01,0,10,0.0,1019,16
1097,2019-01-02,0,12,0.2,1019,18
1098,2019-01-03,0,17,0.0,1015,19
1099,2019-01-04,0,23,0.0,1015,13
1100,2019-01-05,0,7,0.0,1023,13
1101,2019-01-06,0,11,0.0,1025,15
1102,2019-01-07,0,13,0.0,1027,15
1103,2019-01-08,0,10,0.0,1021,21
1104,2019-01-09,0,13,0.0,1025,15
1105,2019-01-10,0,16,0.0,1025,11
1106,2019-01-11,0,13,0.0,1024,14
1107,2019-01-12,0,18,0.0,1018,20
1108,2019-01-13,0,21,0.0,1023,13
1109,2019-01-14,0,18,0.0,1028,11
1110,2019-01-15,0,10,0.0,1028,12
1111,2019-01-16,0,9,0.0,1024,16
1112,2019-01-17,0,13,0.1,1023,18
1113,2019-01-18,0,12,0.0,1018,20
1114,2019-01-19,0,26,0.2,1012,21
1115,2019-01-20,0,33,0.0,1025,7
1116,2019-01-21,0,15,0.0,1027,10
1117,2019-01-22,0,21,0.0,1021,18
1118,2019-01-23,0,23,1.0,1013,15
1119,2019-01-24,0,13,0.0,1019,10
1120,2019-01-25,0,10,0.0,1027,8
1121,2019-01-26,0,6,0.0,1026,12
1122,2019-01-27,0,11,0.0,1022,13
1123,2019-01-28,0,10,0.0,1016,14
1124,2019-01-29,0,27,0.3,1020,6
1125,2019-01-30,0,13,0.0,1026,7
1126,2019-01-31,0,22,0.0,1025,13
1127,2019-02-01,0,16,0.3,1022,16
1128,2019-02-02,0,15,0.0,1021,17
1129,2019-02-03,0,7,0.0,1017,19
1130,2019-02-04,0,14,0.2,1017,19
1131,2019-02-05,0,18,0.7,1015,21
1132,2019-02-06,0,18,0.0,1016,22
1133,2019-02-07,0,21,0.0,1017,20
1134,2019-02-08,0,28,0.0,1029,12
1135,2019-02-09,0,16,0.0,1029,15
1136,2019-02-10,0,19,0.0,1025,19
1137,2019-02-11,0,17,0.6,1017,22
1138,2019-02-12,0,17,1.2,1019,17
1139,2019-02-13,0,15,0.0,1025,15
1140,2019-02-14,0,19,0.0,1016,19
1141,2019-02-15,0,23,0.0,1008,21
1142,2019-02-16,0,13,0.0,1009,22
1143,2019-02-17,0,15,0.0,1011,23
1144,2019-02-18,0,20,0.2,1021,14
1145,2019-02-19,0,23,0.0,1017,18
1146,2019-02-20,0,25,2.1,1012,23
1147,2019-02-21,0,21,1.0,1013,23
1148,2019-02-22,0,17,0.1,1018,24
1149,2019-02-23,0,20,0.2,1017,24
1150,2019-02-24,0,14,0.0,1018,19
1151,2019-02-25,0,14,0.0,1024,17
1152,2019-02-26,0,16,0.0,1022,19
1153,2019-02-27,0,11,2.7,1020,19
1154,2019-02-28,0,11,0.0,1018,18
1155,2019-03-01,0,15,0.3,1018,17
1156,2019-03-02,0,16,0.0,1022,18
1157,2019-03-03,0,19,0.8,1020,17
1158,2019-03-04,0,23,0.0,1023,8
1159,2019-03-05,0,22,0.0,1029,6
1160,2019-03-06,0,15,0.0,1033,9
1161,2019-03-07,0,14,0.0,1027,16
1162,2019-03-08,0,17,0.0,1020,23
1163,2019-03-09,0,26,0.0,1016,25
1164,2019-03-10,0,9,0.0,1019,26
1165,2019-03-11,0,10,0.0,1022,27
1166,2019-03-12,0,16,0.0,1023,22
1167,2019-03-13,0,29,0.0,1016,25
1168,2019-03-14,0,31,0.0,1015,28
1169,2019-03-15,0,27,0.0,1024,14
1170,2019-03-16,0,21,0.3,1028,11
1171,2019-03-17,0,18,0.0,1025,14
1172,2019-03-18,0,25,0.0,1026,17
1173,2019-03-19,0,20,0.0,1026,16
1174,2019-03-20,0,10,0.0,1024,17
1175,2019-03-21,0,14,0.0,1022,17
1176,2019-03-22,0,9,0.0,1023,22
1177,2019-03-23,0,10,0.0,1024,22
1178,2019-03-24,0,8,0.0,1023,24
1179,2019-03-25,0,13,0.0,1020,26
1180,2019-03-26,0,19,0.0,1023,17
1181,2019-03-27,0,15,0.0,1027,18
1182,2019-03-28,0,17,0.0,1026,22
1183,2019-03-29,0,16,0.0,1022,23
1184,2019-03-30,0,18,0.0,1018,25
1185,2019-03-31,0,25,0.2,1023,11
1186,2019-04-01,0,14,0.0,1023,14
1187,2019-04-02,0,13,0.0,1023,16
1188,2019-04-03,0,18,0.0,1026,22
1189,2019-04-04,0,20,2.7,1021,19
1190,2019-04-05,0,6,1.4,1017,25
1191,2019-04-06,0,15,0.0,1018,27
1192,2019-04-07,0,19,0.0,1018,27
1193,2019-04-08,0,31,0.6,1011,26
1194,2019-04-09,0,23,0.0,1011,25
1195,2019-04-10,0,4,0.0,1012,30
1196,2019-04-11,0,24,0.0,1010,26
1197,2019-04-12,0,19,0.0,1013,27
1198,2019-04-13,0,33,0.0,1009,29
1199,2019-04-14,0,33,0.0,1012,17
1200,2019-04-15,0,5,0.0,1022,23
1201,2019-04-16,0,15,0.0,1022,24
1202,2019-04-17,0,16,0.0,1017,27
1203,2019-04-18,0,30,0.0,1009,26
1204,2019-04-19,0,32,0.0,1011,18
1205,2019-04-20,0,21,0.0,1018,19
1206,2019-04-21,0,10,0.0,1022,25
1207,2019-04-22,0,14,0.0,1022,25
1208,2019-04-23,0,11,0.0,1021,25
1209,2019-04-24,0,17,0.0,1016,26
1210,2019-04-25,0,21,2.7,1012,22
1211,2019-04-26,0,17,0.0,1017,26
1212,2019-04-27,0,15,0.0,1018,25
1213,2019-04-28,0,9,0.0,1018,26
1214,2019-04-29,0,17,0.0,1019,27
1215,2019-04-30,0,21,0.0,1020,28
1216,2019-05-01,0,19,0.0,1021,30
1217,2019-05-02,0,11,0.0,1019,29
1218,2019-05-03,0,7,0.0,1016,29
1219,2019-05-04,0,10,0.6,1013,27
1220,2019-05-05,0,6,0.0,1013,30
1221,2019-05-06,0,13,0.0,1018,29
1222,2019-05-07,0,15,0.0,1020,29
1223,2019-05-08,0,20,0.0,1015,31
1224,2019-05-09,0,23,0.0,1013,33
1225,2019-05-10,0,19,0.0,1015,33
1226,2019-05-11,0,28,0.0,1012,33
1227,2019-05-12,0,22,0.5,1011,30
1228,2019-05-13,0,10,0.0,1014,28
1229,2019-05-14,0,16,0.0,1017,27
1230,2019-05-15,0,13,0.0,1018,28
1231,2019-05-16,0,11,0.0,1018,29
1232,2019-05-17,0,19,0.0,1016,30
1233,2019-05-18,0,24,0.3,1014,31
1234,2019-05-19,0,21,0.1,1015,32
1235,2019-05-20,0,10,0.0,1016,34
1236,2019-05-21,0,25,0.0,1013,32
1237,2019-05-22,0,20,0.0,1017,34
1238,2019-05-23,0,20,0.0,1021,34
1239,2019-05-24,0,12,0.0,1021,32
1240,2019-05-25,0,10,0.0,1021,34
1241,2019-05-26,0,13,0.0,1021,35
1242,2019-05-27,0,14,0.0,1018,34
1243,2019-05-28,0,17,0.0,1015,34
1244,2019-05-29,0,21,0.0,1014,34
1245,2019-05-30,0,7,0.1,1014,36
1246,2019-05-31,0,8,0.3,1015,37
1247,2019-06-01,0,10,0.0,1014,35
1248,2019-06-02,0,9,0.0,1014,36
1249,2019-06-03,0,7,0.0,1016,37
1250,2019-06-04,0,13,0.0,1017,36
1251,2019-06-05,0,9,0.7,1015,32
1252,2019-06-06,0,16,2.6,1012,32
1253,2019-06-07,0,15,0.8,1008,35
1254,2019-06-08,0,17,0.0,1007,35
1255,2019-06-09,0,14,0.0,1012,34
1256,2019-06-10,0,18,0.0,1016,35
1257,2019-06-11,0,12,0.0,1016,32
1258,2019-06-12,0,12,0.0,1015,29
1259,2019-06-13,0,13,0.0,1017,30
1260,2019-06-14,0,16,0.0,1019,33
1261,2019-06-15,0,13,0.2,1018,36
1262,2019-06-16,0,3,0.0,1016,38
1263,2019-06-17,0,15,1.0,1015,36
1264,2019-06-18,0,13,1.1,1014,35
1265,2019-06-19,0,12,0.0,1012,36
1266,2019-06-20,0,24,0.1,1013,40
1267,2019-06-21,0,15,0.0,1017,39
1268,2019-06-22,0,11,0.0,1019,39
1269,2019-06-23,0,19,0.0,1017,39
1270,2019-06-24,0,14,0.5,1017,35
1271,2019-06-25,0,14,0.0,1018,38
1272,2019-06-26,0,18,0.0,1021,37
1273,2019-06-27,0,9,0.0,1021,36
1274,2019-06-28,0,12,0.5,1020,34
1275,2019-06-29,0,10,0.5,1018,33
1276,2019-06-30,0,6,0.0,1018,35
1277,2019-07-01,0,5,0.0,1018,35
1278,2019-07-02,0,4,0.0,1018,36
1279,2019-07-03,0,5,0.0,1017,37
1280,2019-07-04,0,7,0.0,1017,39
1281,2019-07-05,0,10,0.0,1019,39
1282,2019-07-06,0,13,0.3,1019,39
1283,2019-07-07,0,13,0.0,1017,39
1284,2019-07-08,0,13,0.0,1015,38
1285,2019-07-09,0,13,2.9,1015,38
1286,2019-07-10,0,20,5.9,1014,33
1287,2019-07-11,0,26,0.6,1008,36
1288,2019-07-12,0,31,0.8,1004,31
1289,2019-07-13,0,46,1.8,1009,26
1290,2019-07-14,0,20,2.2,1017,29
1291,2019-07-15,0,17,1.3,1018,35
1292,2019-07-16,0,15,0.2,1019,37
1293,2019-07-17,0,4,0.0,1020,38
1294,2019-07-18,0,4,0.2,1018,39
1295,2019-07-19,0,5,0.1,1018,39
1296,2019-07-20,0,8,0.2,1018,35
1297,2019-07-21,0,8,1.6,1017,32
1298,2019-07-22,0,9,0.6,1015,34
1299,2019-07-23,0,13,1.6,1013,35
1300,2019-07-24,0,16,0.0,1015,30
1301,2019-07-25,0,15,0.1,1017,32
1302,2019-07-26,0,18,0.3,1020,34
1303,2019-07-27,0,12,1.2,1022,34
1304,2019-07-28,0,10,0.4,1021,34
1305,2019-07-29,0,7,0.7,1018,35
1306,2019-07-30,0,8,1.0,1018,29
1307,2019-07-31,0,6,1.0,1018,34
1308,2019-08-01,30,5,0.0,1018,36
1309,2019-08-02,30,8,0.5,1015,34
1310,2019-08-03,30,4,0.1,1014,35
1311,2019-08-04,30,8,0.3,1015,35
1312,2019-08-05,30,10,0.8,1015,36
1313,2019-08-06,30,10,0.1,1015,36
1314,2019-08-07,30,14,0.2,1015,37
1315,2019-08-08,31,14,0.6,1016,38
1316,2019-08-09,31,14,1.3,1016,38
1317,2019-08-10,31,14,0.0,1016,38
1318,2019-08-11,31,13,0.8,1016,38
1319,2019-08-12,31,10,0.7,1015,38
1320,2019-08-13,31,8,2.6,1013,39
1321,2019-08-14,32,7,0.8,1012,41
1322,2019-08-15,31,12,0.1,1014,38
1323,2019-08-16,32,9,0.0,1015,38
1324,2019-08-17,32,5,0.0,1015,39
1325,2019-08-18,31,7,0.2,1016,38
1326,2019-08-19,28,10,1.5,1017,33
1327,2019-08-20,30,2,2.2,1017,36
1328,2019-08-21,31,4,0.0,1018,37
1329,2019-08-22,30,6,0.0,1016,36
1330,2019-08-23,27,8,1.1,1016,32
1331,2019-08-24,30,8,0.7,1016,37
1332,2019-08-25,27,16,1.1,1014,30
1333,2019-08-26,29,19,1.8,1013,33
1334,2019-08-27,31,7,0.4,1015,36
1335,2019-08-28,31,12,0.2,1016,37
1336,2019-08-29,30,12,0.0,1017,35
1337,2019-08-30,31,12,0.0,1018,35
1338,2019-08-31,30,14,0.0,1016,33
1339,2019-09-01,30,14,0.1,1016,36
1340,2019-09-02,30,16,0.0,1015,36
1341,2019-09-03,30,18,0.0,1014,35
1342,2019-09-04,32,10,0.0,1016,36
1343,2019-09-05,32,14,0.0,1017,37
1344,2019-09-06,32,14,0.0,1016,38
1345,2019-09-07,33,10,0.0,1016,38
1346,2019-09-08,32,10,0.2,1017,37
1347,2019-09-09,32,5,0.0,1018,38
1348,2019-09-10,31,13,0.0,1020,35
1349,2019-09-11,31,16,0.0,1021,36
1350,2019-09-12,31,17,0.0,1019,36
1351,2019-09-13,31,18,0.0,1018,35
1352,2019-09-14,30,20,0.1,1018,34
1353,2019-09-15,30,21,0.3,1017,34
1354,2019-09-16,7,17,0.8,1016,33
1355,2019-09-17,31,12,0.0,1016,36
1356,2019-09-18,31,5,0.0,1016,37
1357,2019-09-19,31,10,0.2,1016,36
1358,2019-09-20,28,23,0.0,1019,33
1359,2019-09-21,29,23,0.0,1020,34
1360,2019-09-22,29,15,0.0,1019,32
1361,2019-09-23,28,9,0.0,1019,32
1362,2019-09-24,30,6,0.0,1016,33
1363,2019-09-25,30,3,0.0,1014,34
1364,2019-09-26,30,9,0.0,1015,33
1365,2019-09-27,30,10,0.0,1015,34
1366,2019-09-28,30,14,0.0,1018,34
1367,2019-09-29,30,18,0.0,1020,35
1368,2019-09-30,30,16,0.0,1019,35
1369,2019-10-01,30,11,0.0,1017,35
1370,2019-10-02,31,11,0.0,1016,36
1371,2019-10-03,31,12,0.1,1016,35
1372,2019-10-04,31,10,0.0,1017,35
1373,2019-10-05,30,8,0.0,1016,35
1374,2019-10-06,29,17,0.0,1016,34
1375,2019-10-07,28,15,1.2,1015,32
1376,2019-10-08,25,10,0.0,1015,27
1377,2019-10-09,27,12,0.1,1016,31
1378,2019-10-10,28,19,0.1,1016,33
1379,2019-10-11,28,9,0.1,1016,33
1380,2019-10-12,20,19,0.0,1018,20
1381,2019-10-13,24,9,0.0,1017,27
1382,2019-10-14,26,11,0.0,1018,30
1383,2019-10-15,28,13,0.0,1014,33
1384,2019-10-16,25,14,1.6,1014,27
1385,2019-10-17,19,16,0.0,1016,20
1386,2019-10-18,19,22,0.1,1010,19
1387,2019-10-19,22,13,0.0,1009,25
1388,2019-10-20,27,5,0.0,1013,31
1389,2019-10-21,24,15,0.0,1012,28
1390,2019-10-22,22,23,0.0,1019,23
1391,2019-10-23,19,19,0.0,1022,22
1392,2019-10-24,20,19,0.0,1019,23
1393,2019-10-25,23,15,6.4,1012,26
1394,2019-10-26,20,19,0.0,1010,19
1395,2019-10-27,20,6,0.0,1017,23
1396,2019-10-28,20,9,0.0,1017,23
1397,2019-10-29,20,18,0.5,1018,21
1398,2019-10-30,25,9,1.9,1014,28
1399,2019-10-31,13,32,0.1,1022,12
1400,2019-11-01,10,14,0.0,1027,11
1401,2019-11-02,13,19,0.0,1026,14
1402,2019-11-03,14,15,0.0,1024,15
1403,2019-11-04,17,6,0.0,1021,19
1404,2019-11-05,19,12,0.0,1022,22
1405,2019-11-06,20,14,0.0,1024,23
1406,2019-11-07,25,8,0.2,1020,29
1407,2019-11-08,16,21,0.0,1023,16
1408,2019-11-09,13,11,0.0,1024,14
1409,2019-11-10,19,4,0.0,1023,22
1410,2019-11-11,22,9,0.0,1018,26
1411,2019-11-12,7,33,0.0,1026,6
1412,2019-11-13,5,11,0.0,1026,6
1413,2019-11-14,10,11,0.2,1024,10
1414,2019-11-15,11,19,0.0,1025,12
1415,2019-11-16,11,13,0.0,1022,12
1416,2019-11-17,14,7,0.0,1018,15
1417,2019-11-18,15,12,0.0,1015,16
1418,2019-11-19,18,12,0.0,1017,20
1419,2019-11-20,18,14,0.0,1022,22
1420,2019-11-21,21,13,0.0,1021,24
1421,2019-11-22,22,12,0.0,1018,25
1422,2019-11-23,20,18,0.7,1015,19
1423,2019-11-24,13,6,0.0,1018,14
1424,2019-11-25,17,8,0.0,1015,19
1425,2019-11-26,21,21,0.0,1013,25
1426,2019-11-27,21,18,1.5,1020,21
1427,2019-11-28,17,15,0.0,1026,18
1428,2019-11-29,19,10,0.0,1024,22
1429,2019-11-30,22,20,0.0,1014,26
1430,2019-12-01,18,21,0.0,1015,19
1431,2019-12-02,10,25,0.0,1022,10
1432,2019-12-03,11,4,0.0,1019,13
1433,2019-12-04,16,10,0.0,1018,17
1434,2019-12-05,16,13,0.0,1021,17
1435,2019-12-06,20,13,0.2,1019,22
1436,2019-12-07,16,14,0.0,1023,17
1437,2019-12-08,17,6,0.0,1020,18
1438,2019-12-09,21,17,0.0,1015,23
1439,2019-12-10,21,20,0.1,1017,26
1440,2019-12-11,9,24,0.2,1030,9
1441,2019-12-12,13,17,0.0,1025,14
1442,2019-12-13,16,5,0.0,1014,17
1443,2019-12-14,17,15,0.0,1012,18
1444,2019-12-15,19,18,0.0,1016,22
1445,2019-12-16,24,24,0.0,1016,27
1446,2019-12-17,9,28,0.0,1019,9
1447,2019-12-18,8,21,0.0,1029,8
1448,2019-12-19,9,14,0.0,1030,9
1449,2019-12-20,11,14,0.0,1029,11
1450,2019-12-21,11,19,6.3,1025,12
1451,2019-12-22,14,18,0.3,1020,14
1452,2019-12-23,13,26,0.0,1015,13
1453,2019-12-24,16,9,0.0,1017,17
1454,2019-12-25,17,11,0.0,1017,17
1455,2019-12-26,19,14,0.1,1019,22
1456,2019-12-27,19,17,0.0,1020,19
1457,2019-12-28,23,20,0.0,1015,27
1458,2019-12-29,23,22,0.1,1011,26
1459,2019-12-30,12,17,0.0,1019,13
1460,2019-12-31,12,10,0.0,1023,13
1461,2020-01-01,13,7,0.0,1020,14
1462,2020-01-02,23,35,0.1,1009,25
1463,2020-01-03,16,13,0.7,1012,16
1464,2020-01-04,14,24,0.0,1024,14
1465,2020-01-05,15,7,0.0,1031,16
1466,2020-01-06,18,9,0.0,1024,19
1467,2020-01-07,14,22,0.0,1027,14
1468,2020-01-08,13,17,0.0,1031,14
1469,2020-01-09,18,21,0.0,1026,20
1470,2020-01-10,23,21,0.5,1021,26
1471,2020-01-11,21,26,1.9,1016,21
1472,2020-01-12,14,12,0.0,1024,15
1473,2020-01-13,20,6,1.0,1024,22
1474,2020-01-14,23,8,0.0,1023,26
1475,2020-01-15,23,12,0.0,1022,26
1476,2020-01-16,22,7,0.3,1026,25
1477,2020-01-17,16,21,0.0,1028,18
1478,2020-01-18,22,17,0.5,1022,26
1479,2020-01-19,11,27,0.0,1027,10
1480,2020-01-20,7,21,0.0,1032,7
1481,2020-01-21,5,18,0.0,1033,6
1482,2020-01-22,9,15,0.0,1027,10
1483,2020-01-23,15,20,0.5,1016,15
1484,2020-01-24,14,14,0.0,1020,14
1485,2020-01-25,14,8,0.0,1024,14
1486,2020-01-26,11,16,0.7,1020,11
1487,2020-01-27,16,12,0.0,1017,16
1488,2020-01-28,14,14,0.0,1017,16
1489,2020-01-29,17,19,0.1,1011,17
1490,2020-01-30,12,15,0.0,1019,13
1491,2020-01-31,14,12,1.1,1018,14
1492,2020-02-01,12,21,0.0,1023,12
1493,2020-02-02,16,12,0.0,1023,17
1494,2020-02-03,18,18,0.0,1019,20
1495,2020-02-04,21,26,0.0,1014,24
1496,2020-02-05,22,21,0.2,1009,25
1497,2020-02-06,14,24,0.2,1004,14
1498,2020-02-07,11,8,0.0,1018,12
1499,2020-02-08,17,11,0.0,1024,18
1500,2020-02-09,19,24,0.0,1025,22
1501,2020-02-10,23,27,0.3,1019,26
1502,2020-02-11,23,9,0.0,1018,26
1503,2020-02-12,23,28,0.0,1014,26
1504,2020-02-13,15,21,0.0,1019,15
1505,2020-02-14,10,19,0.0,1029,10
1506,2020-02-15,14,21,0.0,1027,16
1507,2020-02-16,16,15,1.5,1019,17
1508,2020-02-17,18,9,0.0,1017,18
1509,2020-02-18,22,14,0.1,1018,25
1510,2020-02-19,19,17,0.1,1024,19
1511,2020-02-20,16,22,1.1,1020,16
1512,2020-02-21,8,23,0.0,1033,9
1513,2020-02-22,10,12,0.0,1031,11
1514,2020-02-23,16,9,0.0,1024,17
1515,2020-02-24,19,19,0.1,1013,22
1516,2020-02-25,18,9,0.0,1013,18
1517,2020-02-26,11,29,0.0,1021,11
1518,2020-02-27,8,12,0.0,1029,9
1519,2020-02-28,12,16,0.0,1027,13
1520,2020-02-29,17,2,0.0,1029,20
1521,2020-03-01,18,21,0.0,1023,20
1522,2020-03-02,22,25,0.1,1016,24
1523,2020-03-03,23,12,0.1,1013,26
1524,2020-03-04,24,23,0.0,1011,27
1525,2020-03-05,17,23,0.0,1016,17
1526,2020-03-06,15,23,0.0,1029,16
1527,2020-03-07,13,19,0.0,1032,13
1528,2020-03-08,17,20,0.0,1031,19
1529,2020-03-09,21,23,0.0,1028,25
1530,2020-03-10,21,13,0.1,1026,25
1531,2020-03-11,23,9,0.0,1022,26
1532,2020-03-12,23,15,0.0,1017,26
1533,2020-03-13,24,9,0.0,1020,27
1534,2020-03-14,24,12,0.0,1025,27
1535,2020-03-15,25,5,0.0,1026,28
1536,2020-03-16,23,11,0.0,1024,26
1537,2020-03-17,24,4,0.0,1022,27
1538,2020-03-18,25,15,0.0,1022,28
1539,2020-03-19,26,23,0.1,1022,29
1540,2020-03-20,26,15,0.0,1024,29
1541,2020-03-21,23,14,0.0,1025,26
1542,2020-03-22,22,14,0.0,1023,24
1543,2020-03-23,26,13,0.1,1021,29
1544,2020-03-24,26,23,0.0,1017,29
1545,2020-03-25,26,11,0.1,1014,29
1546,2020-03-26,28,8,0.0,1016,31
1547,2020-03-27,27,18,0.0,1014,31
1548,2020-03-28,28,26,0.0,1014,31
1549,2020-03-29,25,8,0.0,1020,28
1550,2020-03-30,24,19,0.1,1020,27
1551,2020-03-31,25,31,0.9,1010,27
1552,2020-04-01,19,14,0.0,1018,20
1553,2020-04-02,22,17,0.0,1018,25
1554,2020-04-03,23,15,0.0,1017,25
1555,2020-04-04,23,13,0.0,1016,25
1556,2020-04-05,23,13,0.0,1018,26
1557,2020-04-06,24,16,0.0,1019,27
1558,2020-04-07,26,16,0.0,1017,30
1559,2020-04-08,27,13,0.0,1014,30
1560,2020-04-09,27,11,0.0,1011,30
1561,2020-04-10,21,21,0.0,1017,23
1562,2020-04-11,22,22,0.0,1016,25
1563,2020-04-12,28,40,0.0,1007,33
1564,2020-04-13,22,17,0.0,1016,25
1565,2020-04-14,20,14,0.0,1017,22
1566,2020-04-15,16,19,0.0,1019,17
1567,2020-04-16,18,23,0.0,1023,22
1568,2020-04-17,23,15,0.0,1020,26
1569,2020-04-18,24,10,0.5,1017,27
1570,2020-04-19,27,30,0.0,1011,30
1571,2020-04-20,23,10,0.0,1012,25
1572,2020-04-21,25,9,0.0,1016,27
1573,2020-04-22,25,26,0.0,1016,28
1574,2020-04-23,27,25,0.8,1007,29
1575,2020-04-24,26,8,0.0,1012,28
1576,2020-04-25,26,21,0.0,1013,28
1577,2020-04-26,24,13,0.0,1021,25
1578,2020-04-27,22,20,0.0,1024,24
1579,2020-04-28,25,19,0.0,1020,27
1580,2020-04-29,23,21,7.1,1012,23
1581,2020-04-30,22,14,0.0,1018,23
1582,2020-05-01,25,6,0.0,1021,27
1583,2020-05-02,25,10,0.0,1022,27
1584,2020-05-03,27,8,0.0,1019,30
1585,2020-05-04,28,3,0.0,1016,32
1586,2020-05-05,27,12,0.0,1015,30
1587,2020-05-06,24,22,0.1,1019,25
1588,2020-05-07,22,15,0.0,1023,23
1589,2020-05-08,26,28,0.0,1015,29
1590,2020-05-09,16,21,1.2,1022,16
1591,2020-05-10,21,13,0.1,1023,23
1592,2020-05-11,24,14,0.0,1023,26
1593,2020-05-12,24,22,0.0,1022,27
1594,2020-05-13,27,20,0.0,1020,30
1595,2020-05-14,25,22,0.8,1018,29
1596,2020-05-15,26,15,0.3,1016,30
1597,2020-05-16,28,15,0.0,1015,32
1598,2020-05-17,28,18,0.0,1015,33
1599,2020-05-18,25,18,0.0,1011,28
1600,2020-05-19,28,16,0.0,1012,31
1601,2020-05-20,28,14,0.0,1012,32
1602,2020-05-21,30,9,0.0,1014,34
1603,2020-05-22,30,18,0.0,1016,35
1604,2020-05-23,30,17,0.0,1016,35
1605,2020-05-24,29,18,0.0,1015,34
1606,2020-05-25,28,25,0.1,1012,32
1607,2020-05-26,28,9,1.1,1012,33
1608,2020-05-27,28,10,0.1,1013,31
1609,2020-05-28,30,8,0.0,1016,32
1610,2020-05-29,28,9,1.2,1017,32
1611,2020-05-30,28,9,0.0,1018,32
1612,2020-05-31,28,13,0.0,1019,31
1613,2020-06-01,28,14,0.0,1020,31
1614,2020-06-02,29,14,0.0,1019,33
1615,2020-06-03,29,6,0.2,1016,34
1616,2020-06-04,29,12,0.0,1014,32
1617,2020-06-05,30,12,0.0,1015,34
1618,2020-06-06,27,27,0.4,1011,31
1619,2020-06-07,27,29,2.8,1000,31
1620,2020-06-08,28,32,2.1,1006,34
1621,2020-06-09,31,22,0.0,1011,37
1622,2020-06-10,30,15,2.7,1016,36
1623,2020-06-11,27,14,0.0,1021,29
1624,2020-06-12,27,20,0.0,1021,28
1625,2020-06-13,28,16,0.0,1017,31
1626,2020-06-14,29,22,0.1,1019,32
1627,2020-06-15,30,12,0.0,1021,32
1628,2020-06-16,29,14,0.0,1019,31
1629,2020-06-17,29,13,0.0,1018,30
1630,2020-06-18,29,11,0.0,1017,31
1631,2020-06-19,29,12,0.0,1018,32
1632,2020-06-20,31,9,0.0,1018,35
1633,2020-06-21,30,7,0.0,1017,36
1634,2020-06-22,28,19,0.6,1018,31
1635,2020-06-23,30,14,0.2,1015,35
1636,2020-06-24,26,17,1.5,1015,29
1637,2020-06-25,28,12,0.8,1019,33
1638,2020-06-26,30,12,0.0,1022,36
1639,2020-06-27,30,13,0.0,1019,36
1640,2020-06-28,31,13,0.0,1016,37
1641,2020-06-29,31,11,0.0,1017,37
1642,2020-06-30,32,10,0.0,1016,38
1643,2020-07-01,31,8,0.0,1016,38
1644,2020-07-02,30,15,0.0,1016,36
1645,2020-07-03,31,10,0.2,1014,37
1646,2020-07-04,30,11,0.0,1013,35
1647,2020-07-05,30,8,0.5,1011,36
1648,2020-07-06,29,14,2.2,1014,34
1649,2020-07-07,29,17,1.0,1016,35
1650,2020-07-08,31,13,0.0,1016,37
1651,2020-07-09,31,12,0.0,1015,37
1652,2020-07-10,31,17,0.0,1017,37
1653,2020-07-11,31,13,0.0,1016,37
1654,2020-07-12,33,12,0.1,1013,40
1655,2020-07-13,32,9,0.9,1013,40
1656,2020-07-14,32,9,0.0,1015,40
1657,2020-07-15,31,10,1.1,1018,38
1658,2020-07-16,29,10,2.9,1019,36
1659,2020-07-17,30,16,0.0,1019,36
1660,2020-07-18,31,16,0.1,1018,37
1661,2020-07-19,29,10,0.5,1017,33
1662,2020-07-20,31,21,0.0,1016,37
1663,2020-07-21,31,18,0.0,1016,38
1664,2020-07-22,31,21,0.2,1016,37
1665,2020-07-23,30,20,5.9,1015,36
1666,2020-07-24,30,24,2.2,1015,36
1667,2020-07-25,26,17,2.9,1016,29
1668,2020-07-26,25,10,2.8,1019,28
1669,2020-07-27,24,10,3.9,1018,27
1670,2020-07-28,28,16,0.3,1016,34
1671,2020-07-29,30,14,0.1,1018,37
1672,2020-07-30,30,13,0.0,1018,37
1673,2020-07-31,31,12,0.0,1016,36
1674,2020-08-01,30,13,0.0,1015,36
1675,2020-08-02,30,8,0.0,1015,35
1676,2020-08-03,30,13,0.0,1015,33
1677,2020-08-04,31,13,0.0,1015,34
1678,2020-08-05,31,12,0.0,1016,35
1679,2020-08-06,30,10,0.3,1016,34
1680,2020-08-07,31,5,0.0,1018,37
1681,2020-08-08,31,6,0.1,1020,37
1682,2020-08-09,32,8,0.2,1021,37
1683,2020-08-10,31,10,0.2,1019,37
1684,2020-08-11,31,8,0.0,1016,38
1685,2020-08-12,31,8,0.4,1016,38
1686,2020-08-13,31,9,1.5,1016,37
1687,2020-08-14,30,11,0.9,1015,37
1688,2020-08-15,31,17,0.6,1014,38
1689,2020-08-16,32,12,0.0,1016,38
1690,2020-08-17,31,14,0.1,1015,36
1691,2020-08-18,31,10,0.0,1014,36
1692,2020-08-19,30,4,0.1,1011,36
1693,2020-08-20,30,6,0.3,1011,34
1694,2020-08-21,28,14,0.0,1012,31
1695,2020-08-22,30,9,0.0,1014,33
1696,2020-08-23,30,20,0.1,1015,35
1697,2020-08-24,25,27,5.7,1013,28
1698,2020-08-25,30,18,1.6,1012,38
1699,2020-08-26,30,32,0.2,1013,37
1700,2020-08-27,29,29,0.0,1014,36
1701,2020-08-28,31,19,0.3,1014,38
1702,2020-08-29,31,9,0.1,1014,37
1703,2020-08-30,31,13,1.0,1011,37
1704,2020-08-31,32,13,0.0,1013,40
1705,2020-09-01,32,15,0.0,1015,38
1706,2020-09-02,32,9,0.0,1016,39
1707,2020-09-03,30,9,0.0,1017,34
1708,2020-09-04,31,9,0.0,1018,36
1709,2020-09-05,31,13,0.0,1021,37
1710,2020-09-06,30,13,0.0,1019,32
1711,2020-09-07,30,13,0.0,1014,34
1712,2020-09-08,30,13,0.1,1013,35
1713,2020-09-09,30,19,0.1,1016,35
1714,2020-09-10,30,12,0.0,1018,35
1715,2020-09-11,29,11,0.2,1015,34
1716,2020-09-12,29,19,0.2,1011,36
1717,2020-09-13,29,19,0.7,1011,34
1718,2020-09-14,27,28,0.1,1011,31
1719,2020-09-15,27,36,0.0,1007,29
1720,2020-09-16,28,23,0.0,1009,32
1721,2020-09-17,27,12,0.0,1012,30
1722,2020-09-18,23,9,0.3,1015,25
1723,2020-09-19,21,30,3.7,1016,22
1724,2020-09-20,22,31,0.3,1017,25
1725,2020-09-21,23,33,1.9,1018,25
1726,2020-09-22,24,24,0.8,1018,27
1727,2020-09-23,27,21,0.0,1013,30
1728,2020-09-24,25,17,0.0,1011,28
1729,2020-09-25,26,8,0.0,1016,28
1730,2020-09-26,25,14,0.3,1016,29
1731,2020-09-27,28,7,0.0,1013,31
1732,2020-09-28,29,12,0.0,1011,35
1733,2020-09-29,22,25,0.0,1017,24
1734,2020-09-30,24,9,0.0,1020,25
